object_id_num,object_huldrsadmin_ownerSuppliedName_string,object_urn_string_sort,object_huldrsadmin_adminCategory_text_sort,object_huldrsadmin_ownerCode_string_sort,object_huldrsadmin_billingCode_string,object_mets_type_string,object_huldrsadmin_role_string_sort,batch_huldrsadmin_batchDirectoryName_string,batch_id_num,batch_huldrsadmin_loadStartTime_date,batch_huldrsadmin_batchName_string,object_fileCount_num,object_huldrsadmin_adminFlagType_string_sort,object_huldrsadmin_accessFlag_string,object_mods_title_text_sort,object_huldrsadmin_producer_string_sort,object_objectSize_num
445812446,W1AC350-I2PD17865,"urn-3:FHCL:37140913, urn-3:HUL.DRS.OBJECT:37140912",Buddhist Digital Resource Center,FHCL.COLL,FHCL.COLL.TBRC_0001,PDS DOCUMENT,,batchW1AC350-1n,480671,2018-06-20T21:00:08.0Z,FHCL.COLL_batchW1AC350-1n_20180618_125109,118,,R,"gangs ri ti se dang mtsho chen ma dros pa bcas kyi sngon byung gi lo rgyus mdor bsdus su brjod pa rab byed shel dkar me long, གངས་རི་ཏི་སེ་དང་མཚོ་ཆེན་མ་དྲོས་པ་བཅས་ཀྱི་སྔོན་བྱུང་གི་ལོ་རྒྱུས་མདོར་བསྡུས་སུ་བརྗོད་པ་རབ་བྱེད་ཤེལ་དཀར་མེ་ལོང་།",Tibetan Buddhist Resource Center,7867001
445812566,W1AC321-I2PD18066,"urn-3:FHCL:37140915, urn-3:HUL.DRS.OBJECT:37140914",Buddhist Digital Resource Center,FHCL.COLL,FHCL.COLL.TBRC_0001,PDS DOCUMENT,,batchW1AC321-1n,480672,2018-06-20T21:00:29.0Z,FHCL.COLL_batchW1AC321-1n_20180618_190021,526,,R,"phyag chen rgya gzhung, ཕྱག་ཆེན་རྒྱ་གཞུང་།",Tibetan Buddhist Resource Center,32923125
445813804,W1AC321-I2PD18067,"urn-3:FHCL:37140917, urn-3:HUL.DRS.OBJECT:37140916",Buddhist Digital Resource Center,FHCL.COLL,FHCL.COLL.TBRC_0001,PDS DOCUMENT,,batchW1AC321-1n,480672,2018-06-20T21:00:29.0Z,FHCL.COLL_batchW1AC321-1n_20180618_190021,526,,R,"phyag chen rgya gzhung, ཕྱག་ཆེན་རྒྱ་གཞུང་།",Tibetan Buddhist Resource Center,32923125
445815042,W1AC321-I2PD18068,"urn-3:FHCL:37140919, urn-3:HUL.DRS.OBJECT:37140918",Buddhist Digital Resource Center,FHCL.COLL,FHCL.COLL.TBRC_0001,PDS DOCUMENT,,batchW1AC321-1n,480672,2018-06-20T21:00:29.0Z,FHCL.COLL_batchW1AC321-1n_20180618_190021,526,,R,"phyag chen rgya gzhung, ཕྱག་ཆེན་རྒྱ་གཞུང་།",Tibetan Buddhist Resource Center,32923125
445832298,W1FPL175-I1FPL175,"urn-3:FHCL:37141686, urn-3:HUL.DRS.OBJECT:37141685",Buddhist Digital Resource Center,FHCL.COLL,FHCL.COLL.TBRC_0001,PDS DOCUMENT,,batchW1FPL175-1n,480680,2018-06-20T21:21:10.0Z,FHCL.COLL_batchW1FPL175-1n_20180620_162649,208,,R,pācit nissya,Tibetan Buddhist Resource Center,58666702
445832508,W1FPL138-I1FPL138,"urn-3:FHCL:37141688, urn-3:HUL.DRS.OBJECT:37141687",Buddhist Digital Resource Center,FHCL.COLL,FHCL.COLL.TBRC_0001,PDS DOCUMENT,,batchW1FPL138-1n,480681,2018-06-20T21:22:04.0Z,FHCL.COLL_batchW1FPL138-1n_20180620_152432,125,,R,mūlasikkhā nisya--bhikkhunī nissya--pātimot pāṭh--khuddhasikkhā pāṭh--bhikkhunī pāṭh,Tibetan Buddhist Resource Center,33800011
445832635,W1FPL203-I1FPL203,"urn-3:FHCL:37141692, urn-3:HUL.DRS.OBJECT:37141690",Buddhist Digital Resource Center,FHCL.COLL,FHCL.COLL.TBRC_0001,PDS DOCUMENT,,batchW1FPL203-1n,480683,2018-06-20T21:22:05.0Z,FHCL.COLL_batchW1FPL203-1n_20180620_155917,158,,R,pārājikaṇ gaṇṭhi--mahāvā pāḷi-tō,Tibetan Buddhist Resource Center,71727768
445832705,W1FPL136-I1FPL136,"urn-3:FHCL:37141691, urn-3:HUL.DRS.OBJECT:37141689",Buddhist Digital Resource Center,FHCL.COLL,FHCL.COLL.TBRC_0001,PDS DOCUMENT,,batchW1FPL136-1n,480682,2018-06-20T21:22:05.0Z,FHCL.COLL_batchW1FPL136-1n_20180620_152334,168,,R,dhammadesanālaṅkāra*--khuddasikkhā nissya,Tibetan Buddhist Resource Center,39703007
445832965,W1FPL1147-I1FPL1147,"urn-3:FHCL:37141694, urn-3:HUL.DRS.OBJECT:37141693",Buddhist Digital Resource Center,FHCL.COLL,FHCL.COLL.TBRC_0001,PDS DOCUMENT,,batchW1FPL1147-1n,480684,2018-06-20T21:22:07.0Z,FHCL.COLL_batchW1FPL1147-1n_20180620_161644,287,,R,pārājikaṇ aṭṭhakathā pāṭh,Tibetan Buddhist Resource Center,86898159
445833254,W1FPL2034-I1FPL2034,"urn-3:FHCL:37141696, urn-3:HUL.DRS.OBJECT:37141695",Buddhist Digital Resource Center,FHCL.COLL,FHCL.COLL.TBRC_0001,PDS DOCUMENT,,batchW1FPL2034-1n,480685,2018-06-20T21:22:15.0Z,FHCL.COLL_batchW1FPL2034-1n_20180620_155939,11,,R,pārājikaṇ pāḷi-tō--kammavā pāḷi--piṭakap samuiṅ:--pācit pāḷi-tō,Tibetan Buddhist Resource Center,3249930
445833271,W1FPL204-I1FPL204,"urn-3:FHCL:37141699, urn-3:HUL.DRS.OBJECT:37141698",Buddhist Digital Resource Center,FHCL.COLL,FHCL.COLL.TBRC_0001,PDS DOCUMENT,,batchW1FPL204-1n,480687,2018-06-20T21:23:11.0Z,FHCL.COLL_batchW1FPL204-1n_20180620_160039,129,,R,suttasaṅgaha pāḷi-tō nissa*,Tibetan Buddhist Resource Center,38206485
445833402,W1FPL139-I1FPL139,"urn-3:FHCL:37141701, urn-3:HUL.DRS.OBJECT:37141700",Buddhist Digital Resource Center,FHCL.COLL,FHCL.COLL.TBRC_0001,PDS DOCUMENT,,batchW1FPL139-1n,480688,2018-06-20T21:23:12.0Z,FHCL.COLL_batchW1FPL139-1n_20180620_152553,199,,R,[kaccāyana?] sandhi pāṭḥ to uṇhāt---saṅgruih pāṭh--saṅgruih nisya,Tibetan Buddhist Resource Center,46676325
445833603,W1FPL176-I1FPL176,"urn-3:FHCL:37141703, urn-3:HUL.DRS.OBJECT:37141702",Buddhist Digital Resource Center,FHCL.COLL,FHCL.COLL.TBRC_0001,PDS DOCUMENT,,batchW1FPL176-1n,480689,2018-06-20T21:23:15.0Z,FHCL.COLL_batchW1FPL176-1n_20180620_162914,362,,R,therā pāḷi-tō--theragāthā aṭṭhakathā,Tibetan Buddhist Resource Center,104131381
445833967,W1FPL1148-I1FPL1148,"urn-3:FHCL:37141705, urn-3:HUL.DRS.OBJECT:37141704",Buddhist Digital Resource Center,FHCL.COLL,FHCL.COLL.TBRC_0001,PDS DOCUMENT,,batchW1FPL1148-1n,480690,2018-06-20T21:24:05.0Z,FHCL.COLL_batchW1FPL1148-1n_20180620_161835,267,,R,[jāt] temi jāt aṭṭhakathā pāṭh--[jāt] janakka jāt aṭhakathā pāṭh--[jāt] suvaṇṇasāma jāt aṭṭhakathā pāṭh--[jāt] nemi jāt aṭhakathā pāṭh--[jāt] mahō jāt aṭṭhakathā pāṭh--[jāt] bhūridat jāt aṭṭhakathā pāṭh--[jāt] candakummā jāt aṭṭhakathā pāṭh--[jāt] nārada jāt aṭṭhakathā pāṭh--[jāt] vidhūra jāt aṭhakathā pāṭh--[jāt] vesantarā jāt atḥakathā pāṭh,Tibetan Buddhist Resource Center,81948304
445834240,W1FPL141-I1FPL141,"urn-3:FHCL:37141708, urn-3:HUL.DRS.OBJECT:37141707",Buddhist Digital Resource Center,FHCL.COLL,FHCL.COLL.TBRC_0001,PDS DOCUMENT,,batchW1FPL141-1n,480692,2018-06-20T21:25:12.0Z,FHCL.COLL_batchW1FPL141-1n_20180620_152854,169,,R,abhiddhān ṭīkā nissya--abhiddhān ṭīkā pāṭh,Tibetan Buddhist Resource Center,68747557
445834411,W1FPL205-I1FPL205,"urn-3:FHCL:37141710, urn-3:HUL.DRS.OBJECT:37141709",Buddhist Digital Resource Center,FHCL.COLL,FHCL.COLL.TBRC_0001,PDS DOCUMENT,,batchW1FPL205-1n,480693,2018-06-20T21:25:14.0Z,FHCL.COLL_batchW1FPL205-1n_20180620_160238,309,,R,dhammapada pāḷi-tō--dhammapada aṭhakathā pāṭh,Tibetan Buddhist Resource Center,98873083
445834722,W1FPL177-I1FPL177,"urn-3:FHCL:37141712, urn-3:HUL.DRS.OBJECT:37141711",Buddhist Digital Resource Center,FHCL.COLL,FHCL.COLL.TBRC_0001,PDS DOCUMENT,,batchW1FPL177-1n,480694,2018-06-20T21:26:06.0Z,FHCL.COLL_batchW1FPL177-1n_20180620_145417,386,,R,vinayaṭhakathā,Tibetan Buddhist Resource Center,80513940
445835114,W1FPL206-I1FPL206,"urn-3:FHCL:37141715, urn-3:HUL.DRS.OBJECT:37141714",Buddhist Digital Resource Center,FHCL.COLL,FHCL.COLL.TBRC_0001,PDS DOCUMENT,,batchW1FPL206-1n,480696,2018-06-20T21:27:11.0Z,FHCL.COLL_batchW1FPL206-1n_20180620_160357,175,,R,ekakkharākosa nissya--gandhābharaṇa pāṭh--kaccāyanabheda nissya--saddavutti pāṭh--saddavutti nissya*--saddatthabhedacintā nissya--sampandhacintā pāṭh--sampandhacintā nissaya--gandhābharaṇa nissya--kaccāyanabheda pāṭh,Tibetan Buddhist Resource Center,50880530
445835291,W1FPL1149-I1FPL1149,"urn-3:FHCL:37141717, urn-3:HUL.DRS.OBJECT:37141716",Buddhist Digital Resource Center,FHCL.COLL,FHCL.COLL.TBRC_0001,PDS DOCUMENT,,batchW1FPL1149-1n,480697,2018-06-20T21:27:13.0Z,FHCL.COLL_batchW1FPL1149-1n_20180620_162029,277,,R,bhikkhupācit aṭhakathā pāṭh--bhikkhunīpācit aṭhakathā pāṭh--mahāvā aṭhakathā--cūḷavā aṭhakathā--parivā aṭhakathā pāṭh,Tibetan Buddhist Resource Center,97047217
445835570,W1FPL115-I1FPL115,"urn-3:FHCL:37141721, urn-3:HUL.DRS.OBJECT:37141720",Buddhist Digital Resource Center,FHCL.COLL,FHCL.COLL.TBRC_0001,PDS DOCUMENT,,batchW1FPL115-1n,480699,2018-06-20T21:28:11.0Z,FHCL.COLL_batchW1FPL115-1n_20180620_162204,225,,R,vinaññ saṅgruih nissaya,Tibetan Buddhist Resource Center,102972661
445835797,W1FPL1778-I1FPL1778,"urn-3:FHCL:37141719, urn-3:HUL.DRS.OBJECT:37141718",Buddhist Digital Resource Center,FHCL.COLL,FHCL.COLL.TBRC_0001,PDS DOCUMENT,,batchW1FPL1778-1n,480698,2018-06-20T21:28:11.0Z,FHCL.COLL_batchW1FPL1778-1n_20180620_145542,241,,R,kaṅkhāvitaranī matikā aṭṭhakathā,Tibetan Buddhist Resource Center,47531339
445836040,W1FPL142-I1FPL142,"urn-3:FHCL:37141723, urn-3:HUL.DRS.OBJECT:37141722",Buddhist Digital Resource Center,FHCL.COLL,FHCL.COLL.TBRC_0001,PDS DOCUMENT,,batchW1FPL142-1n,480700,2018-06-20T21:28:12.0Z,FHCL.COLL_batchW1FPL142-1n_20180620_153046,272,,R,maṇidīpa*,Tibetan Buddhist Resource Center,122414049
445836314,W1FPL143-I1FPL143,"urn-3:FHCL:37141725, urn-3:HUL.DRS.OBJECT:37141724",Buddhist Digital Resource Center,FHCL.COLL,FHCL.COLL.TBRC_0001,PDS DOCUMENT,,batchW1FPL143-1n,480701,2018-06-20T21:29:05.0Z,FHCL.COLL_batchW1FPL143-1n_20180620_153205,190,,R,[jāt] ghaṭapaṇḍita°jātaka; suppāraka°-; mittāmitta°-; sarabhamiga°-; sālikedāra°-; bhallāṭiya°-; jayaddisa°-; chaddanta°-,Tibetan Buddhist Resource Center,48085741
445836506,W1FPL207-I1FPL207,"urn-3:FHCL:37141727, urn-3:HUL.DRS.OBJECT:37141726",Buddhist Digital Resource Center,FHCL.COLL,FHCL.COLL.TBRC_0001,PDS DOCUMENT,,batchW1FPL207-1n,480702,2018-06-20T21:29:06.0Z,FHCL.COLL_batchW1FPL207-1n_20180620_160526,223,,R,pācit aṭṭhakathā nisya,Tibetan Buddhist Resource Center,70398242
445836731,W1FPL144-I1FPL144,"urn-3:FHCL:37141729, urn-3:HUL.DRS.OBJECT:37141728",Buddhist Digital Resource Center,FHCL.COLL,FHCL.COLL.TBRC_0001,PDS DOCUMENT,,batchW1FPL144-1n,480703,2018-06-20T21:31:10.0Z,FHCL.COLL_batchW1FPL144-1n_20180620_153321,172,,R,[yamaka] indriya yamuik pāḷi-tō; anusaya-; indriya-,Tibetan Buddhist Resource Center,94197226
445836905,W1FPL1150-I1FPL1150,"urn-3:FHCL:37141731, urn-3:HUL.DRS.OBJECT:37141730",Buddhist Digital Resource Center,FHCL.COLL,FHCL.COLL.TBRC_0001,PDS DOCUMENT,,batchW1FPL1150-1n,480704,2018-06-20T21:31:12.0Z,FHCL.COLL_batchW1FPL1150-1n_20180620_162351,271,,R,vimativinodanī--cancel--cancel,Tibetan Buddhist Resource Center,101652901
445837178,W1FPL179-I1FPL179,"urn-3:FHCL:37141733, urn-3:HUL.DRS.OBJECT:37141732",Buddhist Digital Resource Center,FHCL.COLL,FHCL.COLL.TBRC_0001,PDS DOCUMENT,,batchW1FPL179-1n,480705,2018-06-20T21:31:13.0Z,FHCL.COLL_batchW1FPL179-1n_20180620_145807,383,,R,saddānīti*--saddānītisuttamālā pāṭh,Tibetan Buddhist Resource Center,112904613
445837563,W1FPL208-I1FPL208,"urn-3:FHCL:37141735, urn-3:HUL.DRS.OBJECT:37141734",Buddhist Digital Resource Center,FHCL.COLL,FHCL.COLL.TBRC_0001,PDS DOCUMENT,,batchW1FPL208-1n,480706,2018-06-20T21:32:09.0Z,FHCL.COLL_batchW1FPL208-1n_20180620_160745,365,,R,dhātukathā--[yamaka] yamuik ’arakok (mūla to indriya),Tibetan Buddhist Resource Center,110421900
445837930,W1FPL209-I1FPL209,"urn-3:FHCL:37141737, urn-3:HUL.DRS.OBJECT:37141736",Buddhist Digital Resource Center,FHCL.COLL,FHCL.COLL.TBRC_0001,PDS DOCUMENT,,batchW1FPL209-1n,480707,2018-06-20T21:33:06.0Z,FHCL.COLL_batchW1FPL209-1n_20180620_160858,173,,R,[kaccāyana?] nām nissya-; kāraka-; samas-; ākhyāt-; kit-; unhāt-,Tibetan Buddhist Resource Center,45624612
445838105,W1FPL1151-I1FPL1151,"urn-3:FHCL:37141739, urn-3:HUL.DRS.OBJECT:37141738",Buddhist Digital Resource Center,FHCL.COLL,FHCL.COLL.TBRC_0001,PDS DOCUMENT,,batchW1FPL1151-1n,480708,2018-06-20T21:33:08.0Z,FHCL.COLL_batchW1FPL1151-1n_20180620_162548,292,,R,sagathāvagga ṭīkā pāṭh--khandhavaggasaṃyut ṭīkā pāṭh--saḷāyatanavagga saṃyut ṭīkā pāṭh--mahāvagga saṃyut ṭīkā pāṭh*--nidānavagga saṃyut ṭīkā pāṭh,Tibetan Buddhist Resource Center,102358596
445838399,W1FPL1152-I1FPL1152,"urn-3:FHCL:37141741, urn-3:HUL.DRS.OBJECT:37141740",Buddhist Digital Resource Center,FHCL.COLL,FHCL.COLL.TBRC_0001,PDS DOCUMENT,,batchW1FPL1152-1n,480709,2018-06-20T21:34:10.0Z,FHCL.COLL_batchW1FPL1152-1n_20180620_162708,186,,R,suttasaṅgaha pāḷi-tō nissyya kyam,Tibetan Buddhist Resource Center,61667380
445838587,W1FPL1440-I1FPL1440,"urn-3:FHCL:37141743, urn-3:HUL.DRS.OBJECT:37141742",Buddhist Digital Resource Center,FHCL.COLL,FHCL.COLL.TBRC_0001,PDS DOCUMENT,,batchW1FPL1440-1n,480710,2018-06-20T21:34:12.0Z,FHCL.COLL_batchW1FPL1440-1n_20180620_153453,275,,R,mālālaṅkāra*--dhammarāsī kyam:--bhuṃ kui: va*,Tibetan Buddhist Resource Center,89156246
445838864,W1FPL1798-I1FPL1798,"urn-3:FHCL:37141745, urn-3:HUL.DRS.OBJECT:37141744",Buddhist Digital Resource Center,FHCL.COLL,FHCL.COLL.TBRC_0001,PDS DOCUMENT,,batchW1FPL1798-1n,480711,2018-06-20T21:34:12.0Z,FHCL.COLL_batchW1FPL1798-1n_20180620_145954,315,,R,cũḷavā aṭṭhakathā nissya--vivādavinicchayya--upāḷi phrat thum,Tibetan Buddhist Resource Center,90899238
445839181,W1FPL1153-I1FPL1153,"urn-3:FHCL:37141747, urn-3:HUL.DRS.OBJECT:37141746",Buddhist Digital Resource Center,FHCL.COLL,FHCL.COLL.TBRC_0001,PDS DOCUMENT,,batchW1FPL1153-1n,480712,2018-06-20T21:35:08.0Z,FHCL.COLL_batchW1FPL1153-1n_20180620_162818,124,,R,abhidhammatthasaṅgruih nissaya--parit kri: ṭīkā pāṭh,Tibetan Buddhist Resource Center,40783859
445839307,W1FPL21-I1FPL21,"urn-3:FHCL:37141749, urn-3:HUL.DRS.OBJECT:37141748",Buddhist Digital Resource Center,FHCL.COLL,FHCL.COLL.TBRC_0001,PDS DOCUMENT,,batchW1FPL21-1n,480713,2018-06-20T21:35:09.0Z,FHCL.COLL_batchW1FPL21-1n_20180620_161019,222,,R,dhammapada aṭṭhakathā pāṭh,Tibetan Buddhist Resource Center,69858567
445839531,W1FPL210-I1FPL210,"urn-3:FHCL:37141751, urn-3:HUL.DRS.OBJECT:37141750",Buddhist Digital Resource Center,FHCL.COLL,FHCL.COLL.TBRC_0001,PDS DOCUMENT,,batchW1FPL210-1n,480714,2018-06-20T21:36:04.0Z,FHCL.COLL_batchW1FPL210-1n_20180620_161108,116,,R,vohāratthabheda kyam:--dhatukathā ’akhyui: ’aphre--suṃ: krak cu ’akray*,Tibetan Buddhist Resource Center,30661097
445839649,W1FPL1154-I1FPL1154,"urn-3:FHCL:37141753, urn-3:HUL.DRS.OBJECT:37141752",Buddhist Digital Resource Center,FHCL.COLL,FHCL.COLL.TBRC_0001,PDS DOCUMENT,,batchW1FPL1154-1n,480715,2018-06-20T21:36:05.0Z,FHCL.COLL_batchW1FPL1154-1n_20180620_162925,142,,R,[kaccāyana?] nām nissya,Tibetan Buddhist Resource Center,45663059
445839793,W1FPL1799-I1FPL1799,"urn-3:FHCL:37141755, urn-3:HUL.DRS.OBJECT:37141754",Buddhist Digital Resource Center,FHCL.COLL,FHCL.COLL.TBRC_0001,PDS DOCUMENT,,batchW1FPL1799-1n,480716,2018-06-20T21:36:07.0Z,FHCL.COLL_batchW1FPL1799-1n_20180620_150130,287,,R,dhammapada pāṭh pāḷi-tō,Tibetan Buddhist Resource Center,70692990
445840082,W1FPL145-I1FPL145,"urn-3:FHCL:37141757, urn-3:HUL.DRS.OBJECT:37141756",Buddhist Digital Resource Center,FHCL.COLL,FHCL.COLL.TBRC_0001,PDS DOCUMENT,,batchW1FPL145-1n,480717,2018-06-20T21:37:11.0Z,FHCL.COLL_batchW1FPL145-1n_20180620_153707,349,,R,pārājikaṃ naṃ,Tibetan Buddhist Resource Center,97526756
445840433,W1FPL1467-I1FPL1467,"urn-3:FHCL:37141759, urn-3:HUL.DRS.OBJECT:37141758",Buddhist Digital Resource Center,FHCL.COLL,FHCL.COLL.TBRC_0001,PDS DOCUMENT,,batchW1FPL1467-1n,480718,2018-06-20T21:38:01.0Z,FHCL.COLL_batchW1FPL1467-1n_20180620_153822,15,,R,kaṅkhā ṭīkā-sac nissya*--pātimok pāṭh--bhikkhũnī pāṭh--mũlasikkhā pāṭh--khuddasikkhā pāṭh--piṭakat samuin,Tibetan Buddhist Resource Center,3965674
445840450,W1FPL146-I1FPL146,"urn-3:FHCL:37141761, urn-3:HUL.DRS.OBJECT:37141760",Buddhist Digital Resource Center,FHCL.COLL,FHCL.COLL.TBRC_0001,PDS DOCUMENT,,batchW1FPL146-1n,480719,2018-06-20T21:38:02.0Z,FHCL.COLL_batchW1FPL146-1n_20180620_153800,103,,R,samo yojanā--sut cañ vibhat svay--[kaccāyana?] sandhi to uṇhāt pāṭh,Tibetan Buddhist Resource Center,20510572
445840555,W1FPL1155-I1FPL1155,"urn-3:FHCL:37141763, urn-3:HUL.DRS.OBJECT:37141762",Buddhist Digital Resource Center,FHCL.COLL,FHCL.COLL.TBRC_0001,PDS DOCUMENT,,batchW1FPL1155-1n,480720,2018-06-20T21:38:03.0Z,FHCL.COLL_batchW1FPL1155-1n_20180620_163040,185,,R,vinañ: aṭhakathā pācit pāli-tō--samantapāsādikā--samantapāsādikāya vinaya,Tibetan Buddhist Resource Center,59171419
445840742,W1FPL180-I1FPL180,"urn-3:FHCL:37141767, urn-3:HUL.DRS.OBJECT:37141766",Buddhist Digital Resource Center,FHCL.COLL,FHCL.COLL.TBRC_0001,PDS DOCUMENT,,batchW1FPL180-1n,480722,2018-06-20T21:39:12.0Z,FHCL.COLL_batchW1FPL180-1n_20180620_150335,309,,R,tikapaṭṭhān pāḷi-tō,Tibetan Buddhist Resource Center,134642099
445840832,W1FPL211-I1FPL211,"urn-3:FHCL:37141765, urn-3:HUL.DRS.OBJECT:37141764",Buddhist Digital Resource Center,FHCL.COLL,FHCL.COLL.TBRC_0001,PDS DOCUMENT,,batchW1FPL211-1n,480721,2018-06-20T21:39:11.0Z,FHCL.COLL_batchW1FPL211-1n_20180620_161246,244,,R,cūḷavā nissya nām kyay*,Tibetan Buddhist Resource Center,75438356
445841299,W1FPL147-I1FPL147,"urn-3:FHCL:37141769, urn-3:HUL.DRS.OBJECT:37141768",Buddhist Digital Resource Center,FHCL.COLL,FHCL.COLL.TBRC_0001,PDS DOCUMENT,,batchW1FPL147-1n,480723,2018-06-20T21:40:03.0Z,FHCL.COLL_batchW1FPL147-1n_20180620_153934,154,,R,abhidhān nissya,Tibetan Buddhist Resource Center,60545722
445841455,W1FPL1156-I1FPL1156,"urn-3:FHCL:37141771, urn-3:HUL.DRS.OBJECT:37141770",Buddhist Digital Resource Center,FHCL.COLL,FHCL.COLL.TBRC_0001,PDS DOCUMENT,,batchW1FPL1156-1n,480724,2018-06-20T21:40:05.0Z,FHCL.COLL_batchW1FPL1156-1n_20180620_163221,257,,R,mūla yamuik pāḷi-tō--khandha yamuik pāḷi-tō--āyatana yamuik pāḷi-tō--sacca yamuik pāḷi-tō--saṅkhāra yamuik pāḷi-tō--anusaya yamuik pāḷi-tō,Tibetan Buddhist Resource Center,87530185
445841714,W1FPL149-I1FPL149,"urn-3:FHCL:37141773, urn-3:HUL.DRS.OBJECT:37141772",Buddhist Digital Resource Center,FHCL.COLL,FHCL.COLL.TBRC_0001,PDS DOCUMENT,,batchW1FPL149-1n,480725,2018-06-20T21:41:08.0Z,FHCL.COLL_batchW1FPL149-1n_20180620_154040,148,,R,sut mahāvā pāḷi-tō pāṭh--milindapañhā pāḷi-tō pāṭh--sīlakkhan pāḷi-tō pāṭh,Tibetan Buddhist Resource Center,43754422
445841864,W1FPL181-I1FPL181,"urn-3:FHCL:37141775, urn-3:HUL.DRS.OBJECT:37141774",Buddhist Digital Resource Center,FHCL.COLL,FHCL.COLL.TBRC_0001,PDS DOCUMENT,,batchW1FPL181-1n,480726,2018-06-20T21:41:10.0Z,FHCL.COLL_batchW1FPL181-1n_20180620_150513,230,,R,[jāt] maho nissya,Tibetan Buddhist Resource Center,98783515
445842702,W1FPL15-I1FPL15,"urn-3:FHCL:37141781, urn-3:HUL.DRS.OBJECT:37141780",Buddhist Digital Resource Center,FHCL.COLL,FHCL.COLL.TBRC_0001,PDS DOCUMENT,,batchW1FPL15-1n,480729,2018-06-20T21:43:06.0Z,FHCL.COLL_batchW1FPL15-1n_20180620_154208,257,,R,mahāvā pāḷi-tō--parivā pāḷi-tō,Tibetan Buddhist Resource Center,74553803
445842961,W1FPL1158-I1FPL1158,"urn-3:FHCL:37141783, urn-3:HUL.DRS.OBJECT:37141782",Buddhist Digital Resource Center,FHCL.COLL,FHCL.COLL.TBRC_0001,PDS DOCUMENT,,batchW1FPL1158-1n,480730,2018-06-20T21:43:08.0Z,FHCL.COLL_batchW1FPL1158-1n_20180620_163627,364,,R,sut sīlakkhan aṭhakathā nissya,Tibetan Buddhist Resource Center,119304296
445843327,W1FPL2128-I1FPL2128,"urn-3:FHCL:37141785, urn-3:HUL.DRS.OBJECT:37141784",Buddhist Digital Resource Center,FHCL.COLL,FHCL.COLL.TBRC_0001,PDS DOCUMENT,,batchW1FPL2128-1n,480731,2018-06-20T21:44:10.0Z,FHCL.COLL_batchW1FPL2128-1n_20180620_161647,239,,R,sut sīlakkhaṃ pāḷi-tō--sut sīlakkhaṃ aṭṭhakathā,Tibetan Buddhist Resource Center,65401930
445843568,W1FPL150-I1FPL150,"urn-3:FHCL:37141787, urn-3:HUL.DRS.OBJECT:37141786",Buddhist Digital Resource Center,FHCL.COLL,FHCL.COLL.TBRC_0001,PDS DOCUMENT,,batchW1FPL150-1n,480732,2018-06-20T21:45:04.0Z,FHCL.COLL_batchW1FPL150-1n_20180620_154337,194,,R,saḷayatanavaggasaṃyut pāḷi-tō--mahāvaggasaṃyut pāḷi-tō,Tibetan Buddhist Resource Center,59151672
445843764,W1FPL1159-I1FPL1159,"urn-3:FHCL:37141790, urn-3:HUL.DRS.OBJECT:37141788",Buddhist Digital Resource Center,FHCL.COLL,FHCL.COLL.TBRC_0001,PDS DOCUMENT,,batchW1FPL1159-1n,480733,2018-06-20T21:45:05.0Z,FHCL.COLL_batchW1FPL1159-1n_20180620_163750,220,,R,uṇād kaccāyanavaṇṇanā pāṭh--kit kaccāyanavaṇṇanā pāṭh--ākhyāt kaccāyanavaṇṇanā pāṭh--taddhit kaccāyanavaṇṇanā pāṭh--kāraka kaccāyanavaṇṇanā pāṭh--nām kaccāyanavaṇṇanā pāṭh--sandhi kaccāyanavaṇṇanā pāṭh,Tibetan Buddhist Resource Center,72294710
445843834,W1FPL182-I1FPL182,"urn-3:FHCL:37141791, urn-3:HUL.DRS.OBJECT:37141789",Buddhist Digital Resource Center,FHCL.COLL,FHCL.COLL.TBRC_0001,PDS DOCUMENT,,batchW1FPL182-1n,480734,2018-06-20T21:45:05.0Z,FHCL.COLL_batchW1FPL182-1n_20180620_150808,232,,R,aṭhasālini,Tibetan Buddhist Resource Center,85656596
445844220,W1FPL1829-I1FPL1829,"urn-3:FHCL:37141793, urn-3:HUL.DRS.OBJECT:37141792",Buddhist Digital Resource Center,FHCL.COLL,FHCL.COLL.TBRC_0001,PDS DOCUMENT,,batchW1FPL1829-1n,480735,2018-06-20T21:46:09.0Z,FHCL.COLL_batchW1FPL1829-1n_20180620_150903,149,,R,dīpavaṅ pāṭh--nalātadhātuvaṅ*--thūpavaṅ,Tibetan Buddhist Resource Center,32384908
445844371,W1FPL213-I1FPL213,"urn-3:FHCL:37141795, urn-3:HUL.DRS.OBJECT:37141794",Buddhist Digital Resource Center,FHCL.COLL,FHCL.COLL.TBRC_0001,PDS DOCUMENT,,batchW1FPL213-1n,480736,2018-06-20T21:46:10.0Z,FHCL.COLL_batchW1FPL213-1n_20180620_161816,236,,R,sikkhāpadavalañcana nisya--[kaccāyana?] sandhi nissya--sut caññ uṇhāt*--caturakkha tarā:--caṇ̃ ku: mruị cā: e khyaṅ:*--[kaccāyana?] sandhi sut-sac--[kaccāyana?] nām pud-sac--sikkhāpadavalañcana pāṭh,Tibetan Buddhist Resource Center,64805385
445844609,W1FPL183-I1FPL183,"urn-3:FHCL:37141797, urn-3:HUL.DRS.OBJECT:37141796",Buddhist Digital Resource Center,FHCL.COLL,FHCL.COLL.TBRC_0001,PDS DOCUMENT,,batchW1FPL183-1n,480737,2018-06-20T21:47:10.0Z,FHCL.COLL_batchW1FPL183-1n_20180620_151005,140,,R,maṅgalasut pāṭh*--maṅgalasut ṭīghā nissya--abhidhammatthasaṅgruih pāṭh--parit krī: ’anak--namakāya pāṭh ’anak--lakkhaṇā-tō bhurā: rhac khui:*--[kaccāyana?] sandhi to uṇhāt pāṭh,Tibetan Buddhist Resource Center,31398907
445844751,W1FPL116-I1FPL116,"urn-3:FHCL:37141801, urn-3:HUL.DRS.OBJECT:37141799",Buddhist Digital Resource Center,FHCL.COLL,FHCL.COLL.TBRC_0001,PDS DOCUMENT,,batchW1FPL116-1n,480739,2018-06-20T21:47:12.0Z,FHCL.COLL_batchW1FPL116-1n_20180620_163924,251,,R,pucchāvisaccanakathā*,Tibetan Buddhist Resource Center,130396292
445845004,W1FPL151-I1FPL151,"urn-3:FHCL:37141800, urn-3:HUL.DRS.OBJECT:37141798",Buddhist Digital Resource Center,FHCL.COLL,FHCL.COLL.TBRC_0001,PDS DOCUMENT,,batchW1FPL151-1n,480738,2018-06-20T21:47:12.0Z,FHCL.COLL_batchW1FPL151-1n_20180620_154524,275,,R,bhikkhūnīkaṅkhā pāṭh--kaṅkhā ṭīkā-hoṅ:*--kaṅkhā ṭīkā-sac--bhikkhukaṅkhā aṭṭhakathā pāṭh--bhikkhūnīkaṅkhā pāṭh,Tibetan Buddhist Resource Center,83260301
445845281,W1FPL214-I1FPL214,"urn-3:FHCL:37141803, urn-3:HUL.DRS.OBJECT:37141802",Buddhist Digital Resource Center,FHCL.COLL,FHCL.COLL.TBRC_0001,PDS DOCUMENT,,batchW1FPL214-1n,480740,2018-06-20T21:48:05.0Z,FHCL.COLL_batchW1FPL214-1n_20180620_162010,261,,R,visuddhimag aṭhakathā pāṭh,Tibetan Buddhist Resource Center,70957742
445845544,W1FPL1160-I1FPL1160,"urn-3:FHCL:37141805, urn-3:HUL.DRS.OBJECT:37141804",Buddhist Digital Resource Center,FHCL.COLL,FHCL.COLL.TBRC_0001,PDS DOCUMENT,,batchW1FPL1160-1n,480741,2018-06-20T21:49:11.0Z,FHCL.COLL_batchW1FPL1160-1n_20180620_164043,193,,R,dhātukathā mūla ṭīkā--mūla ṭīkā puggalapaññat--mūla ṭīkā kathāvatthu--mūla ṭīkā yamuik--paṭṭhān mūla ṭīkā--mūla ṭīkā pāṭh*,Tibetan Buddhist Resource Center,68557491
445845654,W1FPL152-I1FPL152,"urn-3:FHCL:37141807, urn-3:HUL.DRS.OBJECT:37141806",Buddhist Digital Resource Center,FHCL.COLL,FHCL.COLL.TBRC_0001,PDS DOCUMENT,,batchW1FPL152-1n,480742,2018-06-20T21:49:12.0Z,FHCL.COLL_batchW1FPL152-1n_20180620_154719,309,,R,pārājikaṃ pāḷi-tō nissaya*,Tibetan Buddhist Resource Center,84973697
445846050,W1FPL215-I1FPL215,"urn-3:FHCL:37141809, urn-3:HUL.DRS.OBJECT:37141808",Buddhist Digital Resource Center,FHCL.COLL,FHCL.COLL.TBRC_0001,PDS DOCUMENT,,batchW1FPL215-1n,480743,2018-06-20T21:50:05.0Z,FHCL.COLL_batchW1FPL215-1n_20180620_162132,219,,R,visuddhimag nisya,Tibetan Buddhist Resource Center,71441854
445846271,W1FPL184-I1FPL184,"urn-3:FHCL:37141811, urn-3:HUL.DRS.OBJECT:37141810",Buddhist Digital Resource Center,FHCL.COLL,FHCL.COLL.TBRC_0001,PDS DOCUMENT,,batchW1FPL184-1n,480744,2018-06-20T21:50:06.0Z,FHCL.COLL_batchW1FPL184-1n_20180620_151204,307,,R,[kaccāyana?] sandhi nyāsa nissaya; nām-; kāraka-,Tibetan Buddhist Resource Center,88428447
445846580,W1FPL1161-I1FPL1161,"urn-3:FHCL:37141813, urn-3:HUL.DRS.OBJECT:37141812",Buddhist Digital Resource Center,FHCL.COLL,FHCL.COLL.TBRC_0001,PDS DOCUMENT,,batchW1FPL1161-1n,480745,2018-06-20T21:51:10.0Z,FHCL.COLL_batchW1FPL1161-1n_20180620_164208,228,,R,nettivibhāvanī pāṭh--khattiyovāda pāṭh--khattiyovāda nisya,Tibetan Buddhist Resource Center,87264319
445846810,W1FPL217-I1FPL217,"urn-3:FHCL:37141815, urn-3:HUL.DRS.OBJECT:37141814",Buddhist Digital Resource Center,FHCL.COLL,FHCL.COLL.TBRC_0001,PDS DOCUMENT,,batchW1FPL217-1n,480746,2018-06-20T21:52:03.0Z,FHCL.COLL_batchW1FPL217-1n_20180620_162342,103,,R,khandhadhīpaṇī--[jāt] nemi nissya; nārada-*,Tibetan Buddhist Resource Center,29536552
445846915,W1FPL216-I1FPL216,"urn-3:FHCL:37141817, urn-3:HUL.DRS.OBJECT:37141816",Buddhist Digital Resource Center,FHCL.COLL,FHCL.COLL.TBRC_0001,PDS DOCUMENT,,batchW1FPL216-1n,480747,2018-06-20T21:52:05.0Z,FHCL.COLL_batchW1FPL216-1n_20180620_162243,191,,R,[kaccāyana?] sandhirūpasiddhi to kit---[kaccāyana?] nāmrūpasiddhi ṭīkā to kit-,Tibetan Buddhist Resource Center,52093488
445847108,W1FPL1524-I1FPL1524,"urn-3:FHCL:37141819, urn-3:HUL.DRS.OBJECT:37141818",Buddhist Digital Resource Center,FHCL.COLL,FHCL.COLL.TBRC_0001,PDS DOCUMENT,,batchW1FPL1524-1n,480748,2018-06-20T21:52:06.0Z,FHCL.COLL_batchW1FPL1524-1n_20180620_154846,196,,R,saddā niddesa*,Tibetan Buddhist Resource Center,134841201
445847306,W1FPL117-I1FPL117,"urn-3:FHCL:37141821, urn-3:HUL.DRS.OBJECT:37141820",Buddhist Digital Resource Center,FHCL.COLL,FHCL.COLL.TBRC_0001,PDS DOCUMENT,,batchW1FPL117-1n,480749,2018-06-20T21:53:10.0Z,FHCL.COLL_batchW1FPL117-1n_20180620_164325,198,,R,[jāt] catukanipāt nissya*,Tibetan Buddhist Resource Center,97419463
445847486,W1FPL185-I1FPL185,"urn-3:FHCL:37141823, urn-3:HUL.DRS.OBJECT:37141822",Buddhist Digital Resource Center,FHCL.COLL,FHCL.COLL.TBRC_0001,PDS DOCUMENT,,batchW1FPL185-1n,480750,2018-06-20T21:53:12.0Z,FHCL.COLL_batchW1FPL185-1n_20180620_151407,342,,R,bhikkhunīpācit pāḷi-tō--mahāvā pāḷi-tō--pācit pāḷi-tō,Tibetan Buddhist Resource Center,139058989
445847850,W1FPL218-I1FPL218,"urn-3:FHCL:37141825, urn-3:HUL.DRS.OBJECT:37141824",Buddhist Digital Resource Center,FHCL.COLL,FHCL.COLL.TBRC_0001,PDS DOCUMENT,,batchW1FPL218-1n,480751,2018-06-20T21:54:04.0Z,FHCL.COLL_batchW1FPL218-1n_20180620_162503,211,,R,sut mahāvā aṭhakathā pāṭh,Tibetan Buddhist Resource Center,66367438
445848063,W1FPL154-I1FPL154,"urn-3:FHCL:37141827, urn-3:HUL.DRS.OBJECT:37141826",Buddhist Digital Resource Center,FHCL.COLL,FHCL.COLL.TBRC_0001,PDS DOCUMENT,,batchW1FPL154-1n,480752,2018-06-20T21:54:05.0Z,FHCL.COLL_batchW1FPL154-1n_20180620_155040,278,,R,parājikaṇ aṭhakathā pāṭh,Tibetan Buddhist Resource Center,70965155
445848343,W1FPL1203-I1FPL1203,"urn-3:FHCL:37141829, urn-3:HUL.DRS.OBJECT:37141828",Buddhist Digital Resource Center,FHCL.COLL,FHCL.COLL.TBRC_0001,PDS DOCUMENT,,batchW1FPL1203-1n,480753,2018-06-20T21:55:06.0Z,FHCL.COLL_batchW1FPL1203-1n_20180620_164449,11,,R,nyay kyam*--bhan pāḷi-tō--chan yojanā pāṭh--chan nisya--chan vavattan--unidentified--sakkaṭa abhidhān pāṭh,Tibetan Buddhist Resource Center,3268490
445848356,W1FPL119-I1FPL119,"urn-3:FHCL:37141831, urn-3:HUL.DRS.OBJECT:37141830",Buddhist Digital Resource Center,FHCL.COLL,FHCL.COLL.TBRC_0001,PDS DOCUMENT,,batchW1FPL119-1n,480754,2018-06-20T21:55:09.0Z,FHCL.COLL_batchW1FPL119-1n_20180620_164430,161,,R,catubhāṇavāra pāṭh--upāsakavinicchayya--catubhāṇavāra nisya,Tibetan Buddhist Resource Center,68724121
445848519,W1FPL155-I1FPL155,"urn-3:FHCL:37141833, urn-3:HUL.DRS.OBJECT:37141832",Buddhist Digital Resource Center,FHCL.COLL,FHCL.COLL.TBRC_0001,PDS DOCUMENT,,batchW1FPL155-1n,480755,2018-06-20T21:56:04.0Z,FHCL.COLL_batchW1FPL155-1n_20180620_155208,211,,R,dukapaṭhān pāḷi-tō,Tibetan Buddhist Resource Center,71304143
445848732,W1FPL186-I1FPL186,"urn-3:FHCL:37141835, urn-3:HUL.DRS.OBJECT:37141834",Buddhist Digital Resource Center,FHCL.COLL,FHCL.COLL.TBRC_0001,PDS DOCUMENT,,batchW1FPL186-1n,480756,2018-06-20T21:56:06.0Z,FHCL.COLL_batchW1FPL186-1n_20180620_151619,351,,R,apādān aṭhakathā pāṭh,Tibetan Buddhist Resource Center,102704106
445849085,W1FPL1868-I1FPL1868,"urn-3:FHCL:37141837, urn-3:HUL.DRS.OBJECT:37141836",Buddhist Digital Resource Center,FHCL.COLL,FHCL.COLL.TBRC_0001,PDS DOCUMENT,,batchW1FPL1868-1n,480757,2018-06-20T21:57:07.0Z,FHCL.COLL_batchW1FPL1868-1n_20180620_151708,111,,R,abhidhammatthasaṅgruih nisya,Tibetan Buddhist Resource Center,29261745
445849198,W1FPL219-I1FPL219,"urn-3:FHCL:37141839, urn-3:HUL.DRS.OBJECT:37141838",Buddhist Digital Resource Center,FHCL.COLL,FHCL.COLL.TBRC_0001,PDS DOCUMENT,,batchW1FPL219-1n,480758,2018-06-20T21:57:11.0Z,FHCL.COLL_batchW1FPL219-1n_20180620_162655,326,,R,samantacakkhudīpanī*,Tibetan Buddhist Resource Center,91357376
445849526,W1FPL121-I1FPL121,"urn-3:FHCL:37141841, urn-3:HUL.DRS.OBJECT:37141840",Buddhist Digital Resource Center,FHCL.COLL,FHCL.COLL.TBRC_0001,PDS DOCUMENT,,batchW1FPL121-1n,480759,2018-06-20T21:58:06.0Z,FHCL.COLL_batchW1FPL121-1n_20180620_145402,263,,R,sutavandanā bhurā: rhac khui:*--mahāvā ’aphre--titthuṃ*,Tibetan Buddhist Resource Center,114038202
445849791,W1FPL1572-I1FPL1572,"urn-3:FHCL:37141843, urn-3:HUL.DRS.OBJECT:37141842",Buddhist Digital Resource Center,FHCL.COLL,FHCL.COLL.TBRC_0001,PDS DOCUMENT,,batchW1FPL1572-1n,480760,2018-06-20T21:59:11.0Z,FHCL.COLL_batchW1FPL1572-1n_20180620_155430,173,,R,suttaniddesa pāṭh (sandhiniddesa pāṭh to uṇhād-),Tibetan Buddhist Resource Center,142896890
445849966,W1FPL22-I1FPL22,"urn-3:FHCL:37141845, urn-3:HUL.DRS.OBJECT:37141844",Buddhist Digital Resource Center,FHCL.COLL,FHCL.COLL.TBRC_0001,PDS DOCUMENT,,batchW1FPL22-1n,480761,2018-06-20T21:59:12.0Z,FHCL.COLL_batchW1FPL22-1n_20180620_162832,248,,R,netti pāḷi-tō / nettihāra kyay pāḷi-tō--netti aṭhakathā pāṭh--netti ṭīkā pāṭh,Tibetan Buddhist Resource Center,83424220
445850216,W1FPL220-I1FPL220,"urn-3:FHCL:37141849, urn-3:HUL.DRS.OBJECT:37141847",Buddhist Digital Resource Center,FHCL.COLL,FHCL.COLL.TBRC_0001,PDS DOCUMENT,,batchW1FPL220-1n,480763,2018-06-20T22:01:15.0Z,FHCL.COLL_batchW1FPL220-1n_20180620_163012,260,,R,nettihāra thut*--netti aṭhakathā nissya*--nettihāradīpanī,Tibetan Buddhist Resource Center,83036331
445850226,W1FPL187-I1FPL187,"urn-3:FHCL:37141853, urn-3:HUL.DRS.OBJECT:37141852",Buddhist Digital Resource Center,FHCL.COLL,FHCL.COLL.TBRC_0001,PDS DOCUMENT,,batchW1FPL187-1n,480765,2018-06-20T22:01:17.0Z,FHCL.COLL_batchW1FPL187-1n_20180620_151915,340,,R,maṇisāramañjū,Tibetan Buddhist Resource Center,111100885
445850227,W1FPL158-I1FPL158,"urn-3:FHCL:37141848, urn-3:HUL.DRS.OBJECT:37141846",Buddhist Digital Resource Center,FHCL.COLL,FHCL.COLL.TBRC_0001,PDS DOCUMENT,,batchW1FPL158-1n,480762,2018-06-20T22:01:15.0Z,FHCL.COLL_batchW1FPL158-1n_20180620_155558,226,,R,[jāt] temi jāt pāṭh; janakka-; suvaṇṇashyaṃ-; nemi-; mahosadha-; bhūridat-; candakummā-; nārada-; vidhūra-; vesantarā-,Tibetan Buddhist Resource Center,62626400
445850246,W1FPL122-I1FPL122,"urn-3:FHCL:37141851, urn-3:HUL.DRS.OBJECT:37141850",Buddhist Digital Resource Center,FHCL.COLL,FHCL.COLL.TBRC_0001,PDS DOCUMENT,,batchW1FPL122-1n,480764,2018-06-20T22:01:17.0Z,FHCL.COLL_batchW1FPL122-1n_20180620_145600,289,,R,cuḷavā pāḷi-tō pāṭh,Tibetan Buddhist Resource Center,121198403
445851339,W1FPL1580-I1FPL1580,"urn-3:FHCL:37141855, urn-3:HUL.DRS.OBJECT:37141854",Buddhist Digital Resource Center,FHCL.COLL,FHCL.COLL.TBRC_0001,PDS DOCUMENT,,batchW1FPL1580-1n,480766,2018-06-20T22:01:48.0Z,FHCL.COLL_batchW1FPL1580-1n_20180620_155645,108,,R,abhiddān pāṭh--abhiddān nissya--sāsanālaṅkāra*,Tibetan Buddhist Resource Center,28754725
445851449,W1FPL188-I1FPL188,"urn-3:FHCL:37141857, urn-3:HUL.DRS.OBJECT:37141856",Buddhist Digital Resource Center,FHCL.COLL,FHCL.COLL.TBRC_0001,PDS DOCUMENT,,batchW1FPL188-1n,480767,2018-06-20T22:02:05.0Z,FHCL.COLL_batchW1FPL188-1n_20180620_152041,215,,R,pācityādi pāṭh--mahāvā aṭhakathā pāṭh--cūḷavā aṭhakathā pāṭh--niyamadīpanī,Tibetan Buddhist Resource Center,66305271
445851666,W1FPL2206-I1FPL2206,"urn-3:FHCL:37141859, urn-3:HUL.DRS.OBJECT:37141858",Buddhist Digital Resource Center,FHCL.COLL,FHCL.COLL.TBRC_0001,PDS DOCUMENT,,batchW1FPL2206-1n,480768,2018-06-20T22:03:13.0Z,FHCL.COLL_batchW1FPL2206-1n_20180620_163201,333,,R,anāgatavaṅ pāḷi-tō--anāgatavaṅ pāṭh--mahāvaṅ pāṭh--dāṭhādhātuvaṃ--kesadhātuvaṅ--bodhivaṅ aṭhakathā--dīpāvaṅ pāḷi-tō pāṭh--nalāṭadhātuvaṅ--thūpavaṅ pāṭh,Tibetan Buddhist Resource Center,89025876
445852001,W1FPL1589-I1FPL1589,"urn-3:FHCL:37141861, urn-3:HUL.DRS.OBJECT:37141860",Buddhist Digital Resource Center,FHCL.COLL,FHCL.COLL.TBRC_0001,PDS DOCUMENT,,batchW1FPL1589-1n,480769,2018-06-20T22:04:09.0Z,FHCL.COLL_batchW1FPL1589-1n_20180620_155844,370,,R,[kaccāyana?] sandhi nisya; nām-; kāraka---mālālaṅkāra*,Tibetan Buddhist Resource Center,107600972
445852373,W1FPL123-I1FPL123,"urn-3:FHCL:37141863, urn-3:HUL.DRS.OBJECT:37141862",Buddhist Digital Resource Center,FHCL.COLL,FHCL.COLL.TBRC_0001,PDS DOCUMENT,,batchW1FPL123-1n,480770,2018-06-20T22:04:09.0Z,FHCL.COLL_batchW1FPL123-1n_20180620_145815,355,,R,milindapaññhā kyam,Tibetan Buddhist Resource Center,154621899
445852730,W1FPL2209-I1FPL2209,"urn-3:FHCL:37141865, urn-3:HUL.DRS.OBJECT:37141864",Buddhist Digital Resource Center,FHCL.COLL,FHCL.COLL.TBRC_0001,PDS DOCUMENT,,batchW1FPL2209-1n,480771,2018-06-20T22:05:10.0Z,FHCL.COLL_batchW1FPL2209-1n_20180620_163313,178,,R,mukhamattasāradīpanī--sampandhacintā ṭīkā--saddavutti ṭīkā--saddatthabhedacintā ṭīkā,Tibetan Buddhist Resource Center,58178464
445852910,W1FPL1885-I1FPL1885,"urn-3:FHCL:37141867, urn-3:HUL.DRS.OBJECT:37141866",Buddhist Digital Resource Center,FHCL.COLL,FHCL.COLL.TBRC_0001,PDS DOCUMENT,,batchW1FPL1885-1n,480772,2018-06-20T22:05:13.0Z,FHCL.COLL_batchW1FPL1885-1n_20180620_152248,410,,R,sīlakkhaṃ aṭṭhakathā pāṭh--sut mahāvā aṭṭhakathā pāṭh--sut pādeyya aṭṭhakathā pāṭh,Tibetan Buddhist Resource Center,99094141
445853322,W1FPL159-I1FPL159,"urn-3:FHCL:37141869, urn-3:HUL.DRS.OBJECT:37141868",Buddhist Digital Resource Center,FHCL.COLL,FHCL.COLL.TBRC_0001,PDS DOCUMENT,,batchW1FPL159-1n,480773,2018-06-20T22:06:05.0Z,FHCL.COLL_batchW1FPL159-1n_20180620_160017,231,,R,sut mahāvā aṭṭhakathā nissya,Tibetan Buddhist Resource Center,63071037
445853555,W1FPL189-I1FPL189,"urn-3:FHCL:37141873, urn-3:HUL.DRS.OBJECT:37141872",Buddhist Digital Resource Center,FHCL.COLL,FHCL.COLL.TBRC_0001,PDS DOCUMENT,,batchW1FPL189-1n,480775,2018-06-20T22:07:11.0Z,FHCL.COLL_batchW1FPL189-1n_20180620_152414,206,,R,[kaccāyana?] sandhi nissya; nām-; kāraka-*,Tibetan Buddhist Resource Center,76290357
445853605,W1FPL16-I1FPL16,"urn-3:FHCL:37141871, urn-3:HUL.DRS.OBJECT:37141870",Buddhist Digital Resource Center,FHCL.COLL,FHCL.COLL.TBRC_0001,PDS DOCUMENT,,batchW1FPL16-1n,480774,2018-06-20T22:07:10.0Z,FHCL.COLL_batchW1FPL16-1n_20180620_160115,156,,R,saddaniti,Tibetan Buddhist Resource Center,48604251
445853921,W1FPL1230-I1FPL1230,"urn-3:FHCL:37141875, urn-3:HUL.DRS.OBJECT:37141874",Buddhist Digital Resource Center,FHCL.COLL,FHCL.COLL.TBRC_0001,PDS DOCUMENT,,batchW1FPL1230-1n,480776,2018-06-20T22:07:14.0Z,FHCL.COLL_batchW1FPL1230-1n_20180620_150012,363,,R,sut mahāvā aṭṭhakathā--therā aṭṭhakathā pāṭh*,Tibetan Buddhist Resource Center,98370912
445854286,W1FPL222-I1FPL222,"urn-3:FHCL:37141877, urn-3:HUL.DRS.OBJECT:37141876",Buddhist Digital Resource Center,FHCL.COLL,FHCL.COLL.TBRC_0001,PDS DOCUMENT,,batchW1FPL222-1n,480777,2018-06-20T22:08:02.0Z,FHCL.COLL_batchW1FPL222-1n_20180620_163605,86,,R,[kaccāyana?] kāraka pāṭh; sāmas---abhidhammatthasaṅgruih ’akok,Tibetan Buddhist Resource Center,24722967
445854374,W1FPL221-I1FPL221,"urn-3:FHCL:37141879, urn-3:HUL.DRS.OBJECT:37141878",Buddhist Digital Resource Center,FHCL.COLL,FHCL.COLL.TBRC_0001,PDS DOCUMENT,,batchW1FPL221-1n,480778,2018-06-20T22:08:07.0Z,FHCL.COLL_batchW1FPL221-1n_20180620_163521,356,,R,suttanipāt nisya,Tibetan Buddhist Resource Center,115714374
445854732,W1FPL1233-I1FPL1233,"urn-3:FHCL:37141881, urn-3:HUL.DRS.OBJECT:37141880",Buddhist Digital Resource Center,FHCL.COLL,FHCL.COLL.TBRC_0001,PDS DOCUMENT,,batchW1FPL1233-1n,480779,2018-06-20T22:09:11.0Z,FHCL.COLL_batchW1FPL1233-1n_20180620_150148,291,,R,dakkhiṇavan taddhit nisya; ākhyāt-; kit-; uṇhāt-,Tibetan Buddhist Resource Center,70030784
445855025,W1FPL223-I1FPL223,"urn-3:FHCL:37141883, urn-3:HUL.DRS.OBJECT:37141882",Buddhist Digital Resource Center,FHCL.COLL,FHCL.COLL.TBRC_0001,PDS DOCUMENT,,batchW1FPL223-1n,480780,2018-06-20T22:10:07.0Z,FHCL.COLL_batchW1FPL223-1n_20180620_163717,168,,R,vibhaṅ nissaya,Tibetan Buddhist Resource Center,30986451
445855195,W1FPL19-I1FPL19,"urn-3:FHCL:37141887, urn-3:HUL.DRS.OBJECT:37141886",Buddhist Digital Resource Center,FHCL.COLL,FHCL.COLL.TBRC_0001,PDS DOCUMENT,,batchW1FPL19-1n,480782,2018-06-20T22:10:10.0Z,FHCL.COLL_batchW1FPL19-1n_20180620_152551,302,,R,aṭhakathā visuddhimag,Tibetan Buddhist Resource Center,88787656
445855205,W1FPL161-I1FPL161,"urn-3:FHCL:37141885, urn-3:HUL.DRS.OBJECT:37141884",Buddhist Digital Resource Center,FHCL.COLL,FHCL.COLL.TBRC_0001,PDS DOCUMENT,,batchW1FPL161-1n,480781,2018-06-20T22:10:09.0Z,FHCL.COLL_batchW1FPL161-1n_20180620_160244,225,,R,pāṭimut nissya--mūlasikkhā nissya--khuddasikkhā nissya--saṅgruih nissya,Tibetan Buddhist Resource Center,94833744
445855726,W1FPL1236-I1FPL1236,"urn-3:FHCL:37141889, urn-3:HUL.DRS.OBJECT:37141888",Buddhist Digital Resource Center,FHCL.COLL,FHCL.COLL.TBRC_0001,PDS DOCUMENT,,batchW1FPL1236-1n,480783,2018-06-20T22:11:10.0Z,FHCL.COLL_batchW1FPL1236-1n_20180620_150304,204,,R,susīlakkhaṃ aṭhakathā pāṭh,Tibetan Buddhist Resource Center,47096651
445855932,W1FPL190-I1FPL190,"urn-3:FHCL:37141891, urn-3:HUL.DRS.OBJECT:37141890",Buddhist Digital Resource Center,FHCL.COLL,FHCL.COLL.TBRC_0001,PDS DOCUMENT,,batchW1FPL190-1n,480784,2018-06-20T22:11:10.0Z,FHCL.COLL_batchW1FPL190-1n_20180620_152725,227,,R,bhikkhupācit pāḷi-tō--pārājikaṇ pāḷi-tō,Tibetan Buddhist Resource Center,70898611
445856895,W1FPL124-I1FPL124,"urn-3:FHCL:37141893, urn-3:HUL.DRS.OBJECT:37141892",Buddhist Digital Resource Center,FHCL.COLL,FHCL.COLL.TBRC_0001,PDS DOCUMENT,,batchW1FPL124-1n,480785,2018-06-20T22:12:06.0Z,FHCL.COLL_batchW1FPL124-1n_20180620_150417,218,,R,sut pādeyya pāḷi-tō nisya--saṃvara pruị*,Tibetan Buddhist Resource Center,61720802
445857115,W1KG16696-I1KG16699,"urn-3:FHCL:37141895, urn-3:HUL.DRS.OBJECT:37141894",Buddhist Digital Resource Center,FHCL.COLL,FHCL.COLL.TBRC_0001,PDS DOCUMENT,,batchW1KG16696-1n,480786,2018-06-20T22:12:07.0Z,FHCL.COLL_batchW1KG16696-1n_20180619_085445,332,,R,,Tibetan Buddhist Resource Center,69137865
445857449,W1FPL162-I1FPL162,"urn-3:FHCL:37141897, urn-3:HUL.DRS.OBJECT:37141896",Buddhist Digital Resource Center,FHCL.COLL,FHCL.COLL.TBRC_0001,PDS DOCUMENT,,batchW1FPL162-1n,480787,2018-06-20T22:12:08.0Z,FHCL.COLL_batchW1FPL162-1n_20180620_160447,372,,R,paṭisambhidāmag aṭhakathā nisya*,Tibetan Buddhist Resource Center,79381278
445857823,W1FPL126-I1FPL126,"urn-3:FHCL:37141899, urn-3:HUL.DRS.OBJECT:37141898",Buddhist Digital Resource Center,FHCL.COLL,FHCL.COLL.TBRC_0001,PDS DOCUMENT,,batchW1FPL126-1n,480788,2018-06-20T22:13:09.0Z,FHCL.COLL_batchW1FPL126-1n_20180620_150515,130,,R,sut sīlakkhan tīkā,Tibetan Buddhist Resource Center,44353778
445857955,W1FPL191-I1FPL191,"urn-3:FHCL:37141901, urn-3:HUL.DRS.OBJECT:37141900",Buddhist Digital Resource Center,FHCL.COLL,FHCL.COLL.TBRC_0001,PDS DOCUMENT,,batchW1FPL191-1n,480789,2018-06-20T22:13:11.0Z,FHCL.COLL_batchW1FPL191-1n_20180620_152908,237,,R,cūḷavā pāḷi-tō,Tibetan Buddhist Resource Center,89517616
445858194,W1FPL163-I1FPL163,"urn-3:FHCL:37141903, urn-3:HUL.DRS.OBJECT:37141902",Buddhist Digital Resource Center,FHCL.COLL,FHCL.COLL.TBRC_0001,PDS DOCUMENT,,batchW1FPL163-1n,480790,2018-06-20T22:14:07.0Z,FHCL.COLL_batchW1FPL163-1n_20180620_160634,286,,R,[kaccāyana?] sandhi kyaṃ,Tibetan Buddhist Resource Center,63194325
445858482,W1FPL192-I1FPL192,"urn-3:FHCL:37141905, urn-3:HUL.DRS.OBJECT:37141904",Buddhist Digital Resource Center,FHCL.COLL,FHCL.COLL.TBRC_0001,PDS DOCUMENT,,batchW1FPL192-1n,480791,2018-06-20T22:15:08.0Z,FHCL.COLL_batchW1FPL192-1n_20180620_153037,204,,R,[kaccāyana?] sandhi nyāsa pāṭh to uṇhāt-,Tibetan Buddhist Resource Center,89537819
445858688,W1FPL193-I1FPL193,"urn-3:FHCL:37141907, urn-3:HUL.DRS.OBJECT:37141906",Buddhist Digital Resource Center,FHCL.COLL,FHCL.COLL.TBRC_0001,PDS DOCUMENT,,batchW1FPL193-1n,480792,2018-06-20T22:16:11.0Z,FHCL.COLL_batchW1FPL193-1n_20180620_153150,165,,R,saṃvegavatthudīpanī*,Tibetan Buddhist Resource Center,74811607
445858855,W1FPL164-I1FPL164,"urn-3:FHCL:37141910, urn-3:HUL.DRS.OBJECT:37141908",Buddhist Digital Resource Center,FHCL.COLL,FHCL.COLL.TBRC_0001,PDS DOCUMENT,,batchW1FPL164-1n,480793,2018-06-20T22:16:14.0Z,FHCL.COLL_batchW1FPL164-1n_20180620_160835,302,,R,yamaka pāḷi-tō,Tibetan Buddhist Resource Center,137726582
445859159,W1FPL127-I1FPL127,"urn-3:FHCL:37141911, urn-3:HUL.DRS.OBJECT:37141909",Buddhist Digital Resource Center,FHCL.COLL,FHCL.COLL.TBRC_0001,PDS DOCUMENT,,batchW1FPL127-1n,480794,2018-06-20T22:16:14.0Z,FHCL.COLL_batchW1FPL127-1n_20180620_150719,311,,R,aṅgutthuir pāḷi (ekanipāt; duka-; tika-; catuka-; pañcaka-),Tibetan Buddhist Resource Center,92829624
445859472,W1FPL194-I1FPL194,"urn-3:FHCL:37141913, urn-3:HUL.DRS.OBJECT:37141912",Buddhist Digital Resource Center,FHCL.COLL,FHCL.COLL.TBRC_0001,PDS DOCUMENT,,batchW1FPL194-1n,480795,2018-06-20T22:17:01.0Z,FHCL.COLL_batchW1FPL194-1n_20180620_153220,44,,R,vaccavācaka nissya--kaccāyanasāra pāṭh--saddasāratthajālini pāṭh--sambandhacintā pāḷi*,Tibetan Buddhist Resource Center,14957494
445859518,W1FPL1651-I1FPL1651,"urn-3:FHCL:37141915, urn-3:HUL.DRS.OBJECT:37141914",Buddhist Digital Resource Center,FHCL.COLL,FHCL.COLL.TBRC_0001,PDS DOCUMENT,,batchW1FPL1651-1n,480796,2018-06-20T22:18:11.0Z,FHCL.COLL_batchW1FPL1651-1n_20180620_161209,296,,R,buddhvaṅ pāṭh--buddhavaṅ nissya,Tibetan Buddhist Resource Center,78377413
445859816,W1FPL1657-I1FPL1657,"urn-3:FHCL:37141917, urn-3:HUL.DRS.OBJECT:37141916",Buddhist Digital Resource Center,FHCL.COLL,FHCL.COLL.TBRC_0001,PDS DOCUMENT,,batchW1FPL1657-1n,480797,2018-06-20T22:19:02.0Z,FHCL.COLL_batchW1FPL1657-1n_20180620_161236,30,,R,viñañ: mahāvā pāḷi-tō*--kaṅkhā ṭīkā-hoṅ:--piṭakat sum: puṃ pāḷi samuiṅ,Tibetan Buddhist Resource Center,8692835
445859848,W1FPL1944-I1FPL1944,"urn-3:FHCL:37141919, urn-3:HUL.DRS.OBJECT:37141918",Buddhist Digital Resource Center,FHCL.COLL,FHCL.COLL.TBRC_0001,PDS DOCUMENT,,batchW1FPL1944-1n,480798,2018-06-20T22:19:06.0Z,FHCL.COLL_batchW1FPL1944-1n_20180620_153404,327,,R,ṭīkā-kyō nissya,Tibetan Buddhist Resource Center,97150214
445860177,W1FPL167-I1FPL167,"urn-3:FHCL:37141922, urn-3:HUL.DRS.OBJECT:37141920",Buddhist Digital Resource Center,FHCL.COLL,FHCL.COLL.TBRC_0001,PDS DOCUMENT,,batchW1FPL167-1n,480799,2018-06-20T22:20:11.0Z,FHCL.COLL_batchW1FPL167-1n_20180620_161346,192,,R,ññāṇavaḍḍhanadīpanīvinicchaya*--[sīmā ?] and drawings*--sāsanasuddhi,Tibetan Buddhist Resource Center,47926498
445860371,W1FPL195-I1FPL195,"urn-3:FHCL:37141923, urn-3:HUL.DRS.OBJECT:37141921",Buddhist Digital Resource Center,FHCL.COLL,FHCL.COLL.TBRC_0001,PDS DOCUMENT,,batchW1FPL195-1n,480800,2018-06-20T22:20:11.0Z,FHCL.COLL_batchW1FPL195-1n_20180620_153518,177,,R,vibhaṅga pāḷi nissaya,Tibetan Buddhist Resource Center,67244274
445860550,W1FPL128-I1FPL128,"urn-3:FHCL:37141925, urn-3:HUL.DRS.OBJECT:37141924",Buddhist Digital Resource Center,FHCL.COLL,FHCL.COLL.TBRC_0001,PDS DOCUMENT,,batchW1FPL128-1n,480801,2018-06-20T22:20:17.0Z,FHCL.COLL_batchW1FPL128-1n_20180620_151026,519,,R,samantapāsādika,Tibetan Buddhist Resource Center,172106527
445861071,W1FPL129-I1FPL129,"urn-3:FHCL:37141927, urn-3:HUL.DRS.OBJECT:37141926",Buddhist Digital Resource Center,FHCL.COLL,FHCL.COLL.TBRC_0001,PDS DOCUMENT,,batchW1FPL129-1n,480802,2018-06-20T22:21:06.0Z,FHCL.COLL_batchW1FPL129-1n_20180620_151211,273,,R,pārājikaṇ pāḷi-tō--pācit pāli-tō,Tibetan Buddhist Resource Center,73743325
445861346,W1KG2230-I1KG2232,"urn-3:FHCL:37141929, urn-3:HUL.DRS.OBJECT:37141928",Buddhist Digital Resource Center,FHCL.COLL,FHCL.COLL.TBRC_0001,PDS DOCUMENT,,batchW1KG2230-1n,480803,2018-06-20T22:21:24.0Z,FHCL.COLL_batchW1KG2230-1n_20180619_090323,595,,R,"don brgyud dpal ldan 'brug pa dkar brgyud kyi rnam thar gser 'phreng chen mo, དོན་བརྒྱུད་དཔལ་ལྡན་འབྲུག་པ་དཀར་བརྒྱུད་ཀྱི་རྣམ་ཐར་གསེར་འཕྲེང་ཆེན་མོ, bka' brgyud gser 'phreng rgyas pa, bka' rgyud gser 'phreng rgyas pa the rdzong khul tradition, bka' brgyud gser 'phreng rgyas pa : a reproduction of an incomplete manuscript of a collection of the lives of the successive masters of the 'brug pa dkar brgyud pa tradition reflecting the tradition of rdzong khul in zangs dkar established by grub dbang ngag dbang tshe ring",Tibetan Buddhist Resource Center,48038460
445861943,W1KG2230-I1KG2233,"urn-3:FHCL:37141939, urn-3:HUL.DRS.OBJECT:37141938",Buddhist Digital Resource Center,FHCL.COLL,FHCL.COLL.TBRC_0001,PDS DOCUMENT,,batchW1KG2230-1n,480803,2018-06-20T22:21:24.0Z,FHCL.COLL_batchW1KG2230-1n_20180619_090323,595,,R,"don brgyud dpal ldan 'brug pa dkar brgyud kyi rnam thar gser 'phreng chen mo, དོན་བརྒྱུད་དཔལ་ལྡན་འབྲུག་པ་དཀར་བརྒྱུད་ཀྱི་རྣམ་ཐར་གསེར་འཕྲེང་ཆེན་མོ, bka' brgyud gser 'phreng rgyas pa, bka' rgyud gser 'phreng rgyas pa the rdzong khul tradition, bka' brgyud gser 'phreng rgyas pa : a reproduction of an incomplete manuscript of a collection of the lives of the successive masters of the 'brug pa dkar brgyud pa tradition reflecting the tradition of rdzong khul in zangs dkar established by grub dbang ngag dbang tshe ring",Tibetan Buddhist Resource Center,48038460
445862540,W1KG2230-I1KG2234,"urn-3:FHCL:37141951, urn-3:HUL.DRS.OBJECT:37141950",Buddhist Digital Resource Center,FHCL.COLL,FHCL.COLL.TBRC_0001,PDS DOCUMENT,,batchW1KG2230-1n,480803,2018-06-20T22:21:24.0Z,FHCL.COLL_batchW1KG2230-1n_20180619_090323,595,,R,"don brgyud dpal ldan 'brug pa dkar brgyud kyi rnam thar gser 'phreng chen mo, དོན་བརྒྱུད་དཔལ་ལྡན་འབྲུག་པ་དཀར་བརྒྱུད་ཀྱི་རྣམ་ཐར་གསེར་འཕྲེང་ཆེན་མོ, bka' brgyud gser 'phreng rgyas pa, bka' rgyud gser 'phreng rgyas pa the rdzong khul tradition, bka' brgyud gser 'phreng rgyas pa : a reproduction of an incomplete manuscript of a collection of the lives of the successive masters of the 'brug pa dkar brgyud pa tradition reflecting the tradition of rdzong khul in zangs dkar established by grub dbang ngag dbang tshe ring",Tibetan Buddhist Resource Center,48038460
445863137,W1FPL13-I1FPL13,"urn-3:FHCL:37141931, urn-3:HUL.DRS.OBJECT:37141930",Buddhist Digital Resource Center,FHCL.COLL,FHCL.COLL.TBRC_0001,PDS DOCUMENT,,batchW1FPL13-1n,480804,2018-06-20T22:22:08.0Z,FHCL.COLL_batchW1FPL13-1n_20180620_151246,69,,R,kaṅkhā nisya,Tibetan Buddhist Resource Center,23763480
445863208,W1FPL168-I1FPL168,"urn-3:FHCL:37141933, urn-3:HUL.DRS.OBJECT:37141932",Buddhist Digital Resource Center,FHCL.COLL,FHCL.COLL.TBRC_0001,PDS DOCUMENT,,batchW1FPL168-1n,480805,2018-06-20T22:22:11.0Z,FHCL.COLL_batchW1FPL168-1n_20180620_161523,256,,R,maṇimañju pāḷi-tō,Tibetan Buddhist Resource Center,67472426
445863466,W1FPL1952-I1FPL1952,"urn-3:FHCL:37141935, urn-3:HUL.DRS.OBJECT:37141934",Buddhist Digital Resource Center,FHCL.COLL,FHCL.COLL.TBRC_0001,PDS DOCUMENT,,batchW1FPL1952-1n,480806,2018-06-20T22:22:22.0Z,FHCL.COLL_batchW1FPL1952-1n_20180620_153650,276,,R,saṅgruih pāṭh--vajirabuddhi ṭīkā,Tibetan Buddhist Resource Center,57694833
445863744,W1FPL169-I1FPL169,"urn-3:FHCL:37141937, urn-3:HUL.DRS.OBJECT:37141936",Buddhist Digital Resource Center,FHCL.COLL,FHCL.COLL.TBRC_0001,PDS DOCUMENT,,batchW1FPL169-1n,480807,2018-06-20T22:22:23.0Z,FHCL.COLL_batchW1FPL169-1n_20180620_161630,148,,R,pācit pāḷi-tō,Tibetan Buddhist Resource Center,42071046
445863894,W1FPL130-I1FPL130,"urn-3:FHCL:37141941, urn-3:HUL.DRS.OBJECT:37141940",Buddhist Digital Resource Center,FHCL.COLL,FHCL.COLL.TBRC_0001,PDS DOCUMENT,,batchW1FPL130-1n,480808,2018-06-20T22:23:06.0Z,FHCL.COLL_batchW1FPL130-1n_20180620_151423,242,,R,ṭīkā-kyō nissya--lak san:* aṭhakathā pāṭh,Tibetan Buddhist Resource Center,72960199
445864138,W1FPL1308-I1FPL1308,"urn-3:FHCL:37141943, urn-3:HUL.DRS.OBJECT:37141942",Buddhist Digital Resource Center,FHCL.COLL,FHCL.COLL.TBRC_0001,PDS DOCUMENT,,batchW1FPL1308-1n,480809,2018-06-20T22:24:08.0Z,FHCL.COLL_batchW1FPL1308-1n_20180620_151501,78,,R,vaccavācaka nissya--gaḷuṃ praṃ nissya*--vaṃsamālā--gaḷuṃ pāṭh,Tibetan Buddhist Resource Center,18241246
445864218,W1FPL1953-I1FPL1953,"urn-3:FHCL:37141945, urn-3:HUL.DRS.OBJECT:37141944",Buddhist Digital Resource Center,FHCL.COLL,FHCL.COLL.TBRC_0001,PDS DOCUMENT,,batchW1FPL1953-1n,480810,2018-06-20T22:24:11.0Z,FHCL.COLL_batchW1FPL1953-1n_20180620_153829,288,,R,pārājikaṇ athakathā pāṭh,Tibetan Buddhist Resource Center,73396220
445864508,W1FPL17-I1FPL17,"urn-3:FHCL:37141947, urn-3:HUL.DRS.OBJECT:37141946",Buddhist Digital Resource Center,FHCL.COLL,FHCL.COLL.TBRC_0001,PDS DOCUMENT,,batchW1FPL17-1n,480811,2018-06-20T22:24:12.0Z,FHCL.COLL_batchW1FPL17-1n_20180620_161816,298,,R,dhātukathā aṭṭhakathā--puggalapaññat aṭṭhakathā--kathāvatthu aṭṭhakathā--yamaka aṭṭhakathā--paṭṭhāna aṭṭhakathā--abhidhammāvatāra lak san: aṭṭhakathā--apheggusāradīpanī,Tibetan Buddhist Resource Center,85508854
445864808,W1FPL131-I1FPL131,"urn-3:FHCL:37141949, urn-3:HUL.DRS.OBJECT:37141948",Buddhist Digital Resource Center,FHCL.COLL,FHCL.COLL.TBRC_0001,PDS DOCUMENT,,batchW1FPL131-1n,480812,2018-06-20T22:25:04.0Z,FHCL.COLL_batchW1FPL131-1n_20180620_151629,220,,R,yamuik ’akok,Tibetan Buddhist Resource Center,52715985
445865030,W1FPL170-I1FPL170,"urn-3:FHCL:37141953, urn-3:HUL.DRS.OBJECT:37141952",Buddhist Digital Resource Center,FHCL.COLL,FHCL.COLL.TBRC_0001,PDS DOCUMENT,,batchW1FPL170-1n,480813,2018-06-20T22:26:10.0Z,FHCL.COLL_batchW1FPL170-1n_20180620_161956,216,,R,mahāvā pāḷi-tō naṃ,Tibetan Buddhist Resource Center,56012323
445865220,W1FPL1954-I1FPL1954,"urn-3:FHCL:37141955, urn-3:HUL.DRS.OBJECT:37141954",Buddhist Digital Resource Center,FHCL.COLL,FHCL.COLL.TBRC_0001,PDS DOCUMENT,,batchW1FPL1954-1n,480814,2018-06-20T22:26:12.0Z,FHCL.COLL_batchW1FPL1954-1n_20180620_154012,309,,R,suttasaṅgaha pāḷi-tō--satipaṭhan sut--anamatagga sut--anāgatavaṅ vatthu--piṭakat mhaṃ--[kaccāyana] nāma to unādi--satipaṭhān nisya--satipaṭhān ’akok,Tibetan Buddhist Resource Center,95868384
445865559,W1FPL132-I1FPL132,"urn-3:FHCL:37141957, urn-3:HUL.DRS.OBJECT:37141956",Buddhist Digital Resource Center,FHCL.COLL,FHCL.COLL.TBRC_0001,PDS DOCUMENT,,batchW1FPL132-1n,480815,2018-06-20T22:27:06.0Z,FHCL.COLL_batchW1FPL132-1n_20180620_151756,214,,R,pātimokkhapadatthasaṃvandanā,Tibetan Buddhist Resource Center,96635156
445865775,W1KG4228-I1PD97371,"urn-3:FHCL:37141959, urn-3:HUL.DRS.OBJECT:37141958",Buddhist Digital Resource Center,FHCL.COLL,FHCL.COLL.TBRC_0001,PDS DOCUMENT,,batchW1KG4228-1n,480816,2018-06-20T22:27:17.0Z,FHCL.COLL_batchW1KG4228-1n_20180619_091642,740,,R,"gu ru rat+na gling pa'i gter 'byung chen mo gsal ba'i sgron ma dang rnam thar bcas kyi gsung pod, གུ་རུ་རཏྣ་གླིང་པའི་གཏེར་འབྱུང་ཆེན་མོ་གསལ་བའི་སྒྲོན་མ་དང་རྣམ་ཐར་བཅས་ཀྱི་གསུང་པོད, gsung thor bu/_rat+na gling pa, selected works of ratna-gling-pa, Selected works of Ratna-gliṅ-pa",Tibetan Buddhist Resource Center,19361739
445866517,W1KG4228-I1PD97372,"urn-3:FHCL:37141969, urn-3:HUL.DRS.OBJECT:37141968",Buddhist Digital Resource Center,FHCL.COLL,FHCL.COLL.TBRC_0001,PDS DOCUMENT,,batchW1KG4228-1n,480816,2018-06-20T22:27:17.0Z,FHCL.COLL_batchW1KG4228-1n_20180619_091642,740,,R,"gu ru rat+na gling pa'i gter 'byung chen mo gsal ba'i sgron ma dang rnam thar bcas kyi gsung pod, གུ་རུ་རཏྣ་གླིང་པའི་གཏེར་འབྱུང་ཆེན་མོ་གསལ་བའི་སྒྲོན་མ་དང་རྣམ་ཐར་བཅས་ཀྱི་གསུང་པོད, gsung thor bu/_rat+na gling pa, selected works of ratna-gling-pa, Selected works of Ratna-gliṅ-pa",Tibetan Buddhist Resource Center,19361739
445867259,W1FPL1955-I1FPL1955,"urn-3:FHCL:37141965, urn-3:HUL.DRS.OBJECT:37141964",Buddhist Digital Resource Center,FHCL.COLL,FHCL.COLL.TBRC_0001,PDS DOCUMENT,,batchW1FPL1955-1n,480819,2018-06-20T22:28:13.0Z,FHCL.COLL_batchW1FPL1955-1n_20180620_154157,327,,R,samo nissya vinodanī,Tibetan Buddhist Resource Center,92625768
445867588,W1FPL171-I1FPL171,"urn-3:FHCL:37141963, urn-3:HUL.DRS.OBJECT:37141962",Buddhist Digital Resource Center,FHCL.COLL,FHCL.COLL.TBRC_0001,PDS DOCUMENT,,batchW1FPL171-1n,480818,2018-06-20T22:28:13.0Z,FHCL.COLL_batchW1FPL171-1n_20180620_162152,286,,R,aṅgutthui pāṭh [ekanipāt to pañcanipāt],Tibetan Buddhist Resource Center,84461624
445867876,W1FPL1711-I1FPL1711,"urn-3:FHCL:37141961, urn-3:HUL.DRS.OBJECT:37141960",Buddhist Digital Resource Center,FHCL.COLL,FHCL.COLL.TBRC_0001,PDS DOCUMENT,,batchW1FPL1711-1n,480817,2018-06-20T22:28:10.0Z,FHCL.COLL_batchW1FPL1711-1n_20180620_162239,89,,R,tīkā-kyō pāṭh--ṭīkā-kyō nissya,Tibetan Buddhist Resource Center,28866981
445867967,W1FPL198-I1FPL198,"urn-3:FHCL:37141967, urn-3:HUL.DRS.OBJECT:37141966",Buddhist Digital Resource Center,FHCL.COLL,FHCL.COLL.TBRC_0001,PDS DOCUMENT,,batchW1FPL198-1n,480820,2018-06-20T22:29:04.0Z,FHCL.COLL_batchW1FPL198-1n_20180620_154608,214,,R,[kaccāyana?] sandhiniddesa; nāmakappa nām kyam:; kārakaniddesa,Tibetan Buddhist Resource Center,80574758
445868183,W1FPL134-I1FPL134,"urn-3:FHCL:37141971, urn-3:HUL.DRS.OBJECT:37141970",Buddhist Digital Resource Center,FHCL.COLL,FHCL.COLL.TBRC_0001,PDS DOCUMENT,,batchW1FPL134-1n,480821,2018-06-20T22:30:09.0Z,FHCL.COLL_batchW1FPL134-1n_20180620_152053,106,,R,vinaññ ’achuṃ ’aphrat*,Tibetan Buddhist Resource Center,25168767
445868291,W1FPL172-I1FPL172,"urn-3:FHCL:37141973, urn-3:HUL.DRS.OBJECT:37141972",Buddhist Digital Resource Center,FHCL.COLL,FHCL.COLL.TBRC_0001,PDS DOCUMENT,,batchW1FPL172-1n,480822,2018-06-20T22:30:12.0Z,FHCL.COLL_batchW1FPL172-1n_20180620_162416,225,,R,unidentified--mahāvā pāḷi--khuddhasikkhā pāṭh--paṭhān aṭhakathā nissya--[kaccāyana?] kāraka,Tibetan Buddhist Resource Center,104108958
445868518,W1FPL133-I1FPL133,"urn-3:FHCL:37141975, urn-3:HUL.DRS.OBJECT:37141974",Buddhist Digital Resource Center,FHCL.COLL,FHCL.COLL.TBRC_0001,PDS DOCUMENT,,batchW1FPL133-1n,480823,2018-06-20T22:30:14.0Z,FHCL.COLL_batchW1FPL133-1n_20180620_152001,414,,R,vinañ saṅgruih nissya,Tibetan Buddhist Resource Center,112552135
445868934,W1FPL1982-I1FPL1982,"urn-3:FHCL:37141979, urn-3:HUL.DRS.OBJECT:37141978",Buddhist Digital Resource Center,FHCL.COLL,FHCL.COLL.TBRC_0001,PDS DOCUMENT,,batchW1FPL1982-1n,480825,2018-06-20T22:31:13.0Z,FHCL.COLL_batchW1FPL1982-1n_20180620_154730,246,,R,maṅgalatthadīpanī,Tibetan Buddhist Resource Center,64967581
445869182,W1FPL173-I1FPL173,"urn-3:FHCL:37141977, urn-3:HUL.DRS.OBJECT:37141976",Buddhist Digital Resource Center,FHCL.COLL,FHCL.COLL.TBRC_0001,PDS DOCUMENT,,batchW1FPL173-1n,480824,2018-06-20T22:31:10.0Z,FHCL.COLL_batchW1FPL173-1n_20180620_162453,53,,R,arindama rākan*,Tibetan Buddhist Resource Center,15524050
445869237,W1FPL1736-I1FPL1736,"urn-3:FHCL:37141981, urn-3:HUL.DRS.OBJECT:37141980",Buddhist Digital Resource Center,FHCL.COLL,FHCL.COLL.TBRC_0001,PDS DOCUMENT,,batchW1FPL1736-1n,480826,2018-06-20T22:31:26.0Z,FHCL.COLL_batchW1FPL1736-1n_20180620_162518,14,,R,piṭakat samuiṅ*--ākāsashyattara kyam:--sũriyasiddhanta kyam:*--paramatthamañjũsā--lokī ’a kyui: cī: pvā: chuiṅ rā gāthā myā:*--bhāsvati kyam:*--unidentified*--cā yañ pan--nimittakavijjā kyaṃ--gruih cā: sak rok ho,Tibetan Buddhist Resource Center,4413267
445869253,W1FPL199-I1FPL199,"urn-3:FHCL:37141983, urn-3:HUL.DRS.OBJECT:37141982",Buddhist Digital Resource Center,FHCL.COLL,FHCL.COLL.TBRC_0001,PDS DOCUMENT,,batchW1FPL199-1n,480827,2018-06-20T22:31:37.0Z,FHCL.COLL_batchW1FPL199-1n_20180620_154837,140,,R,mūlasikkhā,Tibetan Buddhist Resource Center,30363324
445869395,W1FPL2-I1FPL2,"urn-3:FHCL:37141985, urn-3:HUL.DRS.OBJECT:37141984",Buddhist Digital Resource Center,FHCL.COLL,FHCL.COLL.TBRC_0001,PDS DOCUMENT,,batchW1FPL2-1n,480828,2018-06-20T22:32:12.0Z,FHCL.COLL_batchW1FPL2-1n_20180620_154950,188,,R,apadānaṭṭhakathā,Tibetan Buddhist Resource Center,46510232
445869585,W1FPL135-I1FPL135,"urn-3:FHCL:37141987, urn-3:HUL.DRS.OBJECT:37141986",Buddhist Digital Resource Center,FHCL.COLL,FHCL.COLL.TBRC_0001,PDS DOCUMENT,,batchW1FPL135-1n,480829,2018-06-20T22:32:13.0Z,FHCL.COLL_batchW1FPL135-1n_20180620_152222,217,,R,vīthi lak rui:--mahānāmakāra pāṭh nisya--niyamasāra*,Tibetan Buddhist Resource Center,63767406
445869804,W1FPL20-I1FPL20,"urn-3:FHCL:37141989, urn-3:HUL.DRS.OBJECT:37141988",Buddhist Digital Resource Center,FHCL.COLL,FHCL.COLL.TBRC_0001,PDS DOCUMENT,,batchW1FPL20-1n,480830,2018-06-20T22:33:06.0Z,FHCL.COLL_batchW1FPL20-1n_20180620_155118,263,,R,cuḷavā nissaya*,Tibetan Buddhist Resource Center,86172205
445870069,W1FPL200-I1FPL200,"urn-3:FHCL:37141991, urn-3:HUL.DRS.OBJECT:37141990",Buddhist Digital Resource Center,FHCL.COLL,FHCL.COLL.TBRC_0001,PDS DOCUMENT,,batchW1FPL200-1n,480831,2018-06-20T22:34:12.0Z,FHCL.COLL_batchW1FPL200-1n_20180620_155227,153,,R,anumodanālaṅkāra,Tibetan Buddhist Resource Center,65964725
445870224,W1FPL201-I1FPL201,"urn-3:FHCL:37141993, urn-3:HUL.DRS.OBJECT:37141992",Buddhist Digital Resource Center,FHCL.COLL,FHCL.COLL.TBRC_0001,PDS DOCUMENT,,batchW1FPL201-1n,480832,2018-06-20T22:35:08.0Z,FHCL.COLL_batchW1FPL201-1n_20180620_155446,367,,R,pārājikan aṭhakathā nissya,Tibetan Buddhist Resource Center,151437100
445870593,W1FPL202-I1FPL202,"urn-3:FHCL:37141995, urn-3:HUL.DRS.OBJECT:37141994",Buddhist Digital Resource Center,FHCL.COLL,FHCL.COLL.TBRC_0001,PDS DOCUMENT,,batchW1FPL202-1n,480833,2018-06-20T22:36:14.0Z,FHCL.COLL_batchW1FPL202-1n_20180620_155642,301,,R,vivādavinicchaya--majjhimapaṇṇāsa pāḷi-tō--majjhimapaṇṇāsa aṭṭhakathā pāṭh,Tibetan Buddhist Resource Center,104097053
445870896,W1FPL2025-I1FPL2025,"urn-3:FHCL:37141997, urn-3:HUL.DRS.OBJECT:37141996",Buddhist Digital Resource Center,FHCL.COLL,FHCL.COLL.TBRC_0001,PDS DOCUMENT,,batchW1FPL2025-1n,480834,2018-06-20T22:37:10.0Z,FHCL.COLL_batchW1FPL2025-1n_20180620_155809,245,,R,bodhivaṅ--pokkaṃ rājavaṅ pāṭh--mahāthūpāvaṅ--dasabuddha anāgatavaṅ pāṭh,Tibetan Buddhist Resource Center,70770258
445891117,W1KG6160-I1KG8417,"urn-3:FHCL:37142019, urn-3:HUL.DRS.OBJECT:37142018",Buddhist Digital Resource Center,FHCL.COLL,FHCL.COLL.TBRC_0001,PDS DOCUMENT,,batchW1KG6160-1n,480837,2018-06-20T23:18:37.0Z,FHCL.COLL_batchW1KG6160-1n_20180619_112509,478,,R,"blo bzang bstan 'dzin gyi gsung rtsom phyogs bsgrigs, བློ་བཟང་བསྟན་འཛིན་གྱི་གསུང་རྩོམ་ཕྱོགས་བསྒྲིགས།, gsung rtsom/_blo bzang bstan 'dzin, 罗桑丹增藏医学文集, luo sang dan zeng zang yi xue wen ji",Tibetan Buddhist Resource Center,320847381
445891597,W1KG6160-I1KG8418,"urn-3:FHCL:37142021, urn-3:HUL.DRS.OBJECT:37142020",Buddhist Digital Resource Center,FHCL.COLL,FHCL.COLL.TBRC_0001,PDS DOCUMENT,,batchW1KG6160-1n,480837,2018-06-20T23:18:37.0Z,FHCL.COLL_batchW1KG6160-1n_20180619_112509,478,,R,"blo bzang bstan 'dzin gyi gsung rtsom phyogs bsgrigs, བློ་བཟང་བསྟན་འཛིན་གྱི་གསུང་རྩོམ་ཕྱོགས་བསྒྲིགས།, gsung rtsom/_blo bzang bstan 'dzin, 罗桑丹增藏医学文集, luo sang dan zeng zang yi xue wen ji",Tibetan Buddhist Resource Center,320847381
445892077,W1KG6160-I1KG8419,"urn-3:FHCL:37142023, urn-3:HUL.DRS.OBJECT:37142022",Buddhist Digital Resource Center,FHCL.COLL,FHCL.COLL.TBRC_0001,PDS DOCUMENT,,batchW1KG6160-1n,480837,2018-06-20T23:18:37.0Z,FHCL.COLL_batchW1KG6160-1n_20180619_112509,478,,R,"blo bzang bstan 'dzin gyi gsung rtsom phyogs bsgrigs, བློ་བཟང་བསྟན་འཛིན་གྱི་གསུང་རྩོམ་ཕྱོགས་བསྒྲིགས།, gsung rtsom/_blo bzang bstan 'dzin, 罗桑丹增藏医学文集, luo sang dan zeng zang yi xue wen ji",Tibetan Buddhist Resource Center,320847381
445892557,W1KG8724-I1KG8746,"urn-3:FHCL:37142025, urn-3:HUL.DRS.OBJECT:37142024",Buddhist Digital Resource Center,FHCL.COLL,FHCL.COLL.TBRC_0001,PDS DOCUMENT,,batchW1KG8724-1n,480838,2018-06-20T23:28:51.0Z,FHCL.COLL_batchW1KG8724-1n_20180619_091010,506,,R,"dwags po grwa tshang gi yig cha, དྭགས་པོ་གྲྭ་ཚང་གི་ཡིག་ཆ།",Tibetan Buddhist Resource Center,203711276
445893065,W1KG8724-I1KG8747,"urn-3:FHCL:37142027, urn-3:HUL.DRS.OBJECT:37142026",Buddhist Digital Resource Center,FHCL.COLL,FHCL.COLL.TBRC_0001,PDS DOCUMENT,,batchW1KG8724-1n,480838,2018-06-20T23:28:51.0Z,FHCL.COLL_batchW1KG8724-1n_20180619_091010,506,,R,"dwags po grwa tshang gi yig cha, དྭགས་པོ་གྲྭ་ཚང་གི་ཡིག་ཆ།",Tibetan Buddhist Resource Center,203711276
445893573,W1KG8724-I1KG8748,"urn-3:FHCL:37142029, urn-3:HUL.DRS.OBJECT:37142028",Buddhist Digital Resource Center,FHCL.COLL,FHCL.COLL.TBRC_0001,PDS DOCUMENT,,batchW1KG8724-1n,480838,2018-06-20T23:28:51.0Z,FHCL.COLL_batchW1KG8724-1n_20180619_091010,506,,R,"dwags po grwa tshang gi yig cha, དྭགས་པོ་གྲྭ་ཚང་གི་ཡིག་ཆ།",Tibetan Buddhist Resource Center,203711276
445894081,W1KG8724-I1KG8749,"urn-3:FHCL:37142031, urn-3:HUL.DRS.OBJECT:37142030",Buddhist Digital Resource Center,FHCL.COLL,FHCL.COLL.TBRC_0001,PDS DOCUMENT,,batchW1KG8724-1n,480838,2018-06-20T23:28:51.0Z,FHCL.COLL_batchW1KG8724-1n_20180619_091010,506,,R,"dwags po grwa tshang gi yig cha, དྭགས་པོ་གྲྭ་ཚང་གི་ཡིག་ཆ།",Tibetan Buddhist Resource Center,203711276
445894589,W1KG8724-I1KG8750,"urn-3:FHCL:37142033, urn-3:HUL.DRS.OBJECT:37142032",Buddhist Digital Resource Center,FHCL.COLL,FHCL.COLL.TBRC_0001,PDS DOCUMENT,,batchW1KG8724-1n,480838,2018-06-20T23:28:51.0Z,FHCL.COLL_batchW1KG8724-1n_20180619_091010,506,,R,"dwags po grwa tshang gi yig cha, དྭགས་པོ་གྲྭ་ཚང་གི་ཡིག་ཆ།",Tibetan Buddhist Resource Center,203711276
445895097,W1KG8837-I1KG12276,"urn-3:FHCL:37142035, urn-3:HUL.DRS.OBJECT:37142034",Buddhist Digital Resource Center,FHCL.COLL,FHCL.COLL.TBRC_0001,PDS DOCUMENT,,batchW1KG8837-1n,480839,2018-06-20T23:31:19.0Z,FHCL.COLL_batchW1KG8837-1n_20180619_091449,430,,R,"gzhung chen bcu gsum gyi mchan 'grel las mdo sde'i rgyan dang sher phyin sogs kyi mchan 'grel khag cig, གཞུང་ཆེན་བཅུ་གསུམ་གྱི་མཆན་འགྲེལ་ལས་མདོ་སྡེའི་རྒྱན་དང་ཤེར་ཕྱིན་སོགས་ཀྱི་མཆན་འགྲེལ་ཁག་ཅིག",Tibetan Buddhist Resource Center,91808878
445895529,W1KG8837-I1KG22020,"urn-3:FHCL:37142037, urn-3:HUL.DRS.OBJECT:37142036",Buddhist Digital Resource Center,FHCL.COLL,FHCL.COLL.TBRC_0001,PDS DOCUMENT,,batchW1KG8837-1n,480839,2018-06-20T23:31:19.0Z,FHCL.COLL_batchW1KG8837-1n_20180619_091449,430,,R,"gzhung chen bcu gsum gyi mchan 'grel las mdo sde'i rgyan dang sher phyin sogs kyi mchan 'grel khag cig, གཞུང་ཆེན་བཅུ་གསུམ་གྱི་མཆན་འགྲེལ་ལས་མདོ་སྡེའི་རྒྱན་དང་ཤེར་ཕྱིན་སོགས་ཀྱི་མཆན་འགྲེལ་ཁག་ཅིག",Tibetan Buddhist Resource Center,91808878
445896810,W1FPL212-I1FPL212,"urn-3:FHCL:37142420, urn-3:HUL.DRS.OBJECT:37142419",Buddhist Digital Resource Center,FHCL.COLL,FHCL.COLL.TBRC_0001,PDS DOCUMENT,,batchW1FPL212-1n,482671,2018-06-21T15:26:31.0Z,FHCL.COLL_batchW1FPL212-1n_20180620_161524,440,,R,[jāt] ekanipāṭh kyam,Tibetan Buddhist Resource Center,119548890
445896820,W1AC309-I4PD2738,"urn-3:FHCL:37142422, urn-3:HUL.DRS.OBJECT:37142421",Buddhist Digital Resource Center,FHCL.COLL,FHCL.COLL.TBRC_0001,PDS DOCUMENT,,batchW1AC309-1n,482672,2018-06-21T15:28:06.0Z,FHCL.COLL_batchW1AC309-1n_20180618_174538,354,,R,"sgam po'i gdan rabs rim byon gyi gsung 'bum, ་སྒམ་པོའི་གདན་རབས་རིམ་བྱོན་གྱི་གསུང་འབུམ།, 刚波瓦师徒文集, gang bo wa shi tu wen ji",Tibetan Buddhist Resource Center,25424925
445896830,W1FPL1814-I1FPL1814,"urn-3:FHCL:37142418, urn-3:HUL.DRS.OBJECT:37142417",Buddhist Digital Resource Center,FHCL.COLL,FHCL.COLL.TBRC_0001,PDS DOCUMENT,,batchW1FPL1814-1n,482670,2018-06-21T15:26:21.0Z,FHCL.COLL_batchW1FPL1814-1n_20180620_150631,162,,R,vinaññ: saṅgruih naṃ--saccasaṃkhit nisya / nam--khandhabhedavibhāvanī--vinicchayasamũha*--piṭakat mhan-tō*,Tibetan Buddhist Resource Center,62889234
445896850,W1KG4313-I1KG17503,"urn-3:FHCL:37142424, urn-3:HUL.DRS.OBJECT:37142423",Buddhist Digital Resource Center,FHCL.COLL,FHCL.COLL.TBRC_0001,PDS DOCUMENT,,batchW1KG4313-2n,482673,2018-06-21T15:28:15.0Z,FHCL.COLL_batchW1KG4313-2n_20180619_103218,884,,R,"grags chen bco brgyad, གྲགས་ཆེན་བཅོ་བརྒྱད།, the 18 basic scriptures, grags chen bco brgyad = the 18 basic scriptures",Tibetan Buddhist Resource Center,40041097
445898658,W1AC309-I4PD2739,"urn-3:FHCL:37142426, urn-3:HUL.DRS.OBJECT:37142425",Buddhist Digital Resource Center,FHCL.COLL,FHCL.COLL.TBRC_0001,PDS DOCUMENT,,batchW1AC309-1n,482672,2018-06-21T15:28:06.0Z,FHCL.COLL_batchW1AC309-1n_20180618_174538,354,,R,"sgam po'i gdan rabs rim byon gyi gsung 'bum, ་སྒམ་པོའི་གདན་རབས་རིམ་བྱོན་གྱི་གསུང་འབུམ།, 刚波瓦师徒文集, gang bo wa shi tu wen ji",Tibetan Buddhist Resource Center,25424925
445899014,W1AC309-I4PD2740,"urn-3:FHCL:37142428, urn-3:HUL.DRS.OBJECT:37142427",Buddhist Digital Resource Center,FHCL.COLL,FHCL.COLL.TBRC_0001,PDS DOCUMENT,,batchW1AC309-1n,482672,2018-06-21T15:28:06.0Z,FHCL.COLL_batchW1AC309-1n_20180618_174538,354,,R,"sgam po'i gdan rabs rim byon gyi gsung 'bum, ་སྒམ་པོའི་གདན་རབས་རིམ་བྱོན་གྱི་གསུང་འབུམ།, 刚波瓦师徒文集, gang bo wa shi tu wen ji",Tibetan Buddhist Resource Center,25424925
445899370,W1KG4313-I1KG17504,"urn-3:FHCL:37142430, urn-3:HUL.DRS.OBJECT:37142429",Buddhist Digital Resource Center,FHCL.COLL,FHCL.COLL.TBRC_0001,PDS DOCUMENT,,batchW1KG4313-2n,482673,2018-06-21T15:28:15.0Z,FHCL.COLL_batchW1KG4313-2n_20180619_103218,884,,R,"grags chen bco brgyad, གྲགས་ཆེན་བཅོ་བརྒྱད།, the 18 basic scriptures, grags chen bco brgyad = the 18 basic scriptures",Tibetan Buddhist Resource Center,40041097
445900256,W1AC309-I4PD2741,"urn-3:FHCL:37142434, urn-3:HUL.DRS.OBJECT:37142433",Buddhist Digital Resource Center,FHCL.COLL,FHCL.COLL.TBRC_0001,PDS DOCUMENT,,batchW1AC309-1n,482672,2018-06-21T15:28:06.0Z,FHCL.COLL_batchW1AC309-1n_20180618_174538,354,,R,"sgam po'i gdan rabs rim byon gyi gsung 'bum, ་སྒམ་པོའི་གདན་རབས་རིམ་བྱོན་གྱི་གསུང་འབུམ།, 刚波瓦师徒文集, gang bo wa shi tu wen ji",Tibetan Buddhist Resource Center,25424925
445900612,W1AC309-I4PD2742,"urn-3:FHCL:37142438, urn-3:HUL.DRS.OBJECT:37142437",Buddhist Digital Resource Center,FHCL.COLL,FHCL.COLL.TBRC_0001,PDS DOCUMENT,,batchW1AC309-1n,482672,2018-06-21T15:28:06.0Z,FHCL.COLL_batchW1AC309-1n_20180618_174538,354,,R,"sgam po'i gdan rabs rim byon gyi gsung 'bum, ་སྒམ་པོའི་གདན་རབས་རིམ་བྱོན་གྱི་གསུང་འབུམ།, 刚波瓦师徒文集, gang bo wa shi tu wen ji",Tibetan Buddhist Resource Center,25424925
445900968,W1KG4313-I1KG17505,"urn-3:FHCL:37142446, urn-3:HUL.DRS.OBJECT:37142445",Buddhist Digital Resource Center,FHCL.COLL,FHCL.COLL.TBRC_0001,PDS DOCUMENT,,batchW1KG4313-2n,482673,2018-06-21T15:28:15.0Z,FHCL.COLL_batchW1KG4313-2n_20180619_103218,884,,R,"grags chen bco brgyad, གྲགས་ཆེན་བཅོ་བརྒྱད།, the 18 basic scriptures, grags chen bco brgyad = the 18 basic scriptures",Tibetan Buddhist Resource Center,40041097
445901854,W1AC309-I4PD2743,"urn-3:FHCL:37142444, urn-3:HUL.DRS.OBJECT:37142443",Buddhist Digital Resource Center,FHCL.COLL,FHCL.COLL.TBRC_0001,PDS DOCUMENT,,batchW1AC309-1n,482672,2018-06-21T15:28:06.0Z,FHCL.COLL_batchW1AC309-1n_20180618_174538,354,,R,"sgam po'i gdan rabs rim byon gyi gsung 'bum, ་སྒམ་པོའི་གདན་རབས་རིམ་བྱོན་གྱི་གསུང་འབུམ།, 刚波瓦师徒文集, gang bo wa shi tu wen ji",Tibetan Buddhist Resource Center,25424925
445902210,W1AC309-I4PD2744,"urn-3:FHCL:37142450, urn-3:HUL.DRS.OBJECT:37142449",Buddhist Digital Resource Center,FHCL.COLL,FHCL.COLL.TBRC_0001,PDS DOCUMENT,,batchW1AC309-1n,482672,2018-06-21T15:28:06.0Z,FHCL.COLL_batchW1AC309-1n_20180618_174538,354,,R,"sgam po'i gdan rabs rim byon gyi gsung 'bum, ་སྒམ་པོའི་གདན་རབས་རིམ་བྱོན་གྱི་གསུང་འབུམ།, 刚波瓦师徒文集, gang bo wa shi tu wen ji",Tibetan Buddhist Resource Center,25424925
445902566,W1AC309-I4PD2745,"urn-3:FHCL:37142454, urn-3:HUL.DRS.OBJECT:37142453",Buddhist Digital Resource Center,FHCL.COLL,FHCL.COLL.TBRC_0001,PDS DOCUMENT,,batchW1AC309-1n,482672,2018-06-21T15:28:06.0Z,FHCL.COLL_batchW1AC309-1n_20180618_174538,354,,R,"sgam po'i gdan rabs rim byon gyi gsung 'bum, ་སྒམ་པོའི་གདན་རབས་རིམ་བྱོན་གྱི་གསུང་འབུམ།, 刚波瓦师徒文集, gang bo wa shi tu wen ji",Tibetan Buddhist Resource Center,25424925
445902922,W1KG4313-I1KG17506,"urn-3:FHCL:37142458, urn-3:HUL.DRS.OBJECT:37142456",Buddhist Digital Resource Center,FHCL.COLL,FHCL.COLL.TBRC_0001,PDS DOCUMENT,,batchW1KG4313-2n,482673,2018-06-21T15:28:15.0Z,FHCL.COLL_batchW1KG4313-2n_20180619_103218,884,,R,"grags chen bco brgyad, གྲགས་ཆེན་བཅོ་བརྒྱད།, the 18 basic scriptures, grags chen bco brgyad = the 18 basic scriptures",Tibetan Buddhist Resource Center,40041097
445903808,W1AC309-I4PD2746,"urn-3:FHCL:37142460, urn-3:HUL.DRS.OBJECT:37142459",Buddhist Digital Resource Center,FHCL.COLL,FHCL.COLL.TBRC_0001,PDS DOCUMENT,,batchW1AC309-1n,482672,2018-06-21T15:28:06.0Z,FHCL.COLL_batchW1AC309-1n_20180618_174538,354,,R,"sgam po'i gdan rabs rim byon gyi gsung 'bum, ་སྒམ་པོའི་གདན་རབས་རིམ་བྱོན་གྱི་གསུང་འབུམ།, 刚波瓦师徒文集, gang bo wa shi tu wen ji",Tibetan Buddhist Resource Center,25424925
445904164,W1AC309-I4PD2747,"urn-3:FHCL:37142464, urn-3:HUL.DRS.OBJECT:37142463",Buddhist Digital Resource Center,FHCL.COLL,FHCL.COLL.TBRC_0001,PDS DOCUMENT,,batchW1AC309-1n,482672,2018-06-21T15:28:06.0Z,FHCL.COLL_batchW1AC309-1n_20180618_174538,354,,R,"sgam po'i gdan rabs rim byon gyi gsung 'bum, ་སྒམ་པོའི་གདན་རབས་རིམ་བྱོན་གྱི་གསུང་འབུམ།, 刚波瓦师徒文集, gang bo wa shi tu wen ji",Tibetan Buddhist Resource Center,25424925
445904520,W1KG4313-I1KG17507,"urn-3:FHCL:37142468, urn-3:HUL.DRS.OBJECT:37142467",Buddhist Digital Resource Center,FHCL.COLL,FHCL.COLL.TBRC_0001,PDS DOCUMENT,,batchW1KG4313-2n,482673,2018-06-21T15:28:15.0Z,FHCL.COLL_batchW1KG4313-2n_20180619_103218,884,,R,"grags chen bco brgyad, གྲགས་ཆེན་བཅོ་བརྒྱད།, the 18 basic scriptures, grags chen bco brgyad = the 18 basic scriptures",Tibetan Buddhist Resource Center,40041097
445905406,W1AC309-I4PD2748,"urn-3:FHCL:37142470, urn-3:HUL.DRS.OBJECT:37142469",Buddhist Digital Resource Center,FHCL.COLL,FHCL.COLL.TBRC_0001,PDS DOCUMENT,,batchW1AC309-1n,482672,2018-06-21T15:28:06.0Z,FHCL.COLL_batchW1AC309-1n_20180618_174538,354,,R,"sgam po'i gdan rabs rim byon gyi gsung 'bum, ་སྒམ་པོའི་གདན་རབས་རིམ་བྱོན་གྱི་གསུང་འབུམ།, 刚波瓦师徒文集, gang bo wa shi tu wen ji",Tibetan Buddhist Resource Center,25424925
445905762,W1AC309-I4PD2749,"urn-3:FHCL:37142476, urn-3:HUL.DRS.OBJECT:37142475",Buddhist Digital Resource Center,FHCL.COLL,FHCL.COLL.TBRC_0001,PDS DOCUMENT,,batchW1AC309-1n,482672,2018-06-21T15:28:06.0Z,FHCL.COLL_batchW1AC309-1n_20180618_174538,354,,R,"sgam po'i gdan rabs rim byon gyi gsung 'bum, ་སྒམ་པོའི་གདན་རབས་རིམ་བྱོན་གྱི་གསུང་འབུམ།, 刚波瓦师徒文集, gang bo wa shi tu wen ji",Tibetan Buddhist Resource Center,25424925
445906118,W1KG4313-I1KG17508,"urn-3:FHCL:37142480, urn-3:HUL.DRS.OBJECT:37142479",Buddhist Digital Resource Center,FHCL.COLL,FHCL.COLL.TBRC_0001,PDS DOCUMENT,,batchW1KG4313-2n,482673,2018-06-21T15:28:15.0Z,FHCL.COLL_batchW1KG4313-2n_20180619_103218,884,,R,"grags chen bco brgyad, གྲགས་ཆེན་བཅོ་བརྒྱད།, the 18 basic scriptures, grags chen bco brgyad = the 18 basic scriptures",Tibetan Buddhist Resource Center,40041097
445907004,W1AC309-I4PD2750,"urn-3:FHCL:37142478, urn-3:HUL.DRS.OBJECT:37142477",Buddhist Digital Resource Center,FHCL.COLL,FHCL.COLL.TBRC_0001,PDS DOCUMENT,,batchW1AC309-1n,482672,2018-06-21T15:28:06.0Z,FHCL.COLL_batchW1AC309-1n_20180618_174538,354,,R,"sgam po'i gdan rabs rim byon gyi gsung 'bum, ་སྒམ་པོའི་གདན་རབས་རིམ་བྱོན་གྱི་གསུང་འབུམ།, 刚波瓦师徒文集, gang bo wa shi tu wen ji",Tibetan Buddhist Resource Center,25424925
445907360,W1AC309-I4PD2751,"urn-3:FHCL:37142486, urn-3:HUL.DRS.OBJECT:37142485",Buddhist Digital Resource Center,FHCL.COLL,FHCL.COLL.TBRC_0001,PDS DOCUMENT,,batchW1AC309-1n,482672,2018-06-21T15:28:06.0Z,FHCL.COLL_batchW1AC309-1n_20180618_174538,354,,R,"sgam po'i gdan rabs rim byon gyi gsung 'bum, ་སྒམ་པོའི་གདན་རབས་རིམ་བྱོན་གྱི་གསུང་འབུམ།, 刚波瓦师徒文集, gang bo wa shi tu wen ji",Tibetan Buddhist Resource Center,25424925
445907716,W1KG4313-I1KG17509,"urn-3:FHCL:37142494, urn-3:HUL.DRS.OBJECT:37142493",Buddhist Digital Resource Center,FHCL.COLL,FHCL.COLL.TBRC_0001,PDS DOCUMENT,,batchW1KG4313-2n,482673,2018-06-21T15:28:15.0Z,FHCL.COLL_batchW1KG4313-2n_20180619_103218,884,,R,"grags chen bco brgyad, གྲགས་ཆེན་བཅོ་བརྒྱད།, the 18 basic scriptures, grags chen bco brgyad = the 18 basic scriptures",Tibetan Buddhist Resource Center,40041097
445908602,W1AC309-I4PD2752,"urn-3:FHCL:37142488, urn-3:HUL.DRS.OBJECT:37142487",Buddhist Digital Resource Center,FHCL.COLL,FHCL.COLL.TBRC_0001,PDS DOCUMENT,,batchW1AC309-1n,482672,2018-06-21T15:28:06.0Z,FHCL.COLL_batchW1AC309-1n_20180618_174538,354,,R,"sgam po'i gdan rabs rim byon gyi gsung 'bum, ་སྒམ་པོའི་གདན་རབས་རིམ་བྱོན་གྱི་གསུང་འབུམ།, 刚波瓦师徒文集, gang bo wa shi tu wen ji",Tibetan Buddhist Resource Center,25424925
445908958,W1AC309-I4PD2753,"urn-3:FHCL:37142496, urn-3:HUL.DRS.OBJECT:37142495",Buddhist Digital Resource Center,FHCL.COLL,FHCL.COLL.TBRC_0001,PDS DOCUMENT,,batchW1AC309-1n,482672,2018-06-21T15:28:06.0Z,FHCL.COLL_batchW1AC309-1n_20180618_174538,354,,R,"sgam po'i gdan rabs rim byon gyi gsung 'bum, ་སྒམ་པོའི་གདན་རབས་རིམ་བྱོན་གྱི་གསུང་འབུམ།, 刚波瓦师徒文集, gang bo wa shi tu wen ji",Tibetan Buddhist Resource Center,25424925
445909314,W1KG4313-I1KG17510,"urn-3:FHCL:37142506, urn-3:HUL.DRS.OBJECT:37142505",Buddhist Digital Resource Center,FHCL.COLL,FHCL.COLL.TBRC_0001,PDS DOCUMENT,,batchW1KG4313-2n,482673,2018-06-21T15:28:15.0Z,FHCL.COLL_batchW1KG4313-2n_20180619_103218,884,,R,"grags chen bco brgyad, གྲགས་ཆེན་བཅོ་བརྒྱད།, the 18 basic scriptures, grags chen bco brgyad = the 18 basic scriptures",Tibetan Buddhist Resource Center,40041097
445910200,W1AC309-I4PD2754,"urn-3:FHCL:37142500, urn-3:HUL.DRS.OBJECT:37142499",Buddhist Digital Resource Center,FHCL.COLL,FHCL.COLL.TBRC_0001,PDS DOCUMENT,,batchW1AC309-1n,482672,2018-06-21T15:28:06.0Z,FHCL.COLL_batchW1AC309-1n_20180618_174538,354,,R,"sgam po'i gdan rabs rim byon gyi gsung 'bum, ་སྒམ་པོའི་གདན་རབས་རིམ་བྱོན་གྱི་གསུང་འབུམ།, 刚波瓦师徒文集, gang bo wa shi tu wen ji",Tibetan Buddhist Resource Center,25424925
445910556,W1AC309-I4PD2755,"urn-3:FHCL:37142504, urn-3:HUL.DRS.OBJECT:37142503",Buddhist Digital Resource Center,FHCL.COLL,FHCL.COLL.TBRC_0001,PDS DOCUMENT,,batchW1AC309-1n,482672,2018-06-21T15:28:06.0Z,FHCL.COLL_batchW1AC309-1n_20180618_174538,354,,R,"sgam po'i gdan rabs rim byon gyi gsung 'bum, ་སྒམ་པོའི་གདན་རབས་རིམ་བྱོན་གྱི་གསུང་འབུམ།, 刚波瓦师徒文集, gang bo wa shi tu wen ji",Tibetan Buddhist Resource Center,25424925
445910912,W1AC309-I4PD2756,"urn-3:FHCL:37142510, urn-3:HUL.DRS.OBJECT:37142509",Buddhist Digital Resource Center,FHCL.COLL,FHCL.COLL.TBRC_0001,PDS DOCUMENT,,batchW1AC309-1n,482672,2018-06-21T15:28:06.0Z,FHCL.COLL_batchW1AC309-1n_20180618_174538,354,,R,"sgam po'i gdan rabs rim byon gyi gsung 'bum, ་སྒམ་པོའི་གདན་རབས་རིམ་བྱོན་གྱི་གསུང་འབུམ།, 刚波瓦师徒文集, gang bo wa shi tu wen ji",Tibetan Buddhist Resource Center,25424925
445911202,W1KG4313-I1KG17511,"urn-3:FHCL:37142516, urn-3:HUL.DRS.OBJECT:37142515",Buddhist Digital Resource Center,FHCL.COLL,FHCL.COLL.TBRC_0001,PDS DOCUMENT,,batchW1KG4313-2n,482673,2018-06-21T15:28:15.0Z,FHCL.COLL_batchW1KG4313-2n_20180619_103218,884,,R,"grags chen bco brgyad, གྲགས་ཆེན་བཅོ་བརྒྱད།, the 18 basic scriptures, grags chen bco brgyad = the 18 basic scriptures",Tibetan Buddhist Resource Center,40041097
445922804,W1KG4313-I1KG17482,"urn-3:FHCL:37142432, urn-3:HUL.DRS.OBJECT:37142431",Buddhist Digital Resource Center,FHCL.COLL,FHCL.COLL.TBRC_0001,PDS DOCUMENT,,batchW1KG4313-1n,482674,2018-06-21T15:30:18.0Z,FHCL.COLL_batchW1KG4313-1n_20180619_100331,598,,R,"grags chen bco brgyad, གྲགས་ཆེན་བཅོ་བརྒྱད།, the 18 basic scriptures, grags chen bco brgyad = the 18 basic scriptures",Tibetan Buddhist Resource Center,23144289
445923404,W1KG4313-I1KG17483,"urn-3:FHCL:37142440, urn-3:HUL.DRS.OBJECT:37142439",Buddhist Digital Resource Center,FHCL.COLL,FHCL.COLL.TBRC_0001,PDS DOCUMENT,,batchW1KG4313-1n,482674,2018-06-21T15:30:18.0Z,FHCL.COLL_batchW1KG4313-1n_20180619_100331,598,,R,"grags chen bco brgyad, གྲགས་ཆེན་བཅོ་བརྒྱད།, the 18 basic scriptures, grags chen bco brgyad = the 18 basic scriptures",Tibetan Buddhist Resource Center,23144289
445924004,W1KG4313-I1KG17484,"urn-3:FHCL:37142448, urn-3:HUL.DRS.OBJECT:37142447",Buddhist Digital Resource Center,FHCL.COLL,FHCL.COLL.TBRC_0001,PDS DOCUMENT,,batchW1KG4313-1n,482674,2018-06-21T15:30:18.0Z,FHCL.COLL_batchW1KG4313-1n_20180619_100331,598,,R,"grags chen bco brgyad, གྲགས་ཆེན་བཅོ་བརྒྱད།, the 18 basic scriptures, grags chen bco brgyad = the 18 basic scriptures",Tibetan Buddhist Resource Center,23144289
445924604,W1KG4313-I1KG17485,"urn-3:FHCL:37142457, urn-3:HUL.DRS.OBJECT:37142455",Buddhist Digital Resource Center,FHCL.COLL,FHCL.COLL.TBRC_0001,PDS DOCUMENT,,batchW1KG4313-1n,482674,2018-06-21T15:30:18.0Z,FHCL.COLL_batchW1KG4313-1n_20180619_100331,598,,R,"grags chen bco brgyad, གྲགས་ཆེན་བཅོ་བརྒྱད།, the 18 basic scriptures, grags chen bco brgyad = the 18 basic scriptures",Tibetan Buddhist Resource Center,23144289
445925204,W1KG4313-I1KG17486,"urn-3:FHCL:37142466, urn-3:HUL.DRS.OBJECT:37142465",Buddhist Digital Resource Center,FHCL.COLL,FHCL.COLL.TBRC_0001,PDS DOCUMENT,,batchW1KG4313-1n,482674,2018-06-21T15:30:18.0Z,FHCL.COLL_batchW1KG4313-1n_20180619_100331,598,,R,"grags chen bco brgyad, གྲགས་ཆེན་བཅོ་བརྒྱད།, the 18 basic scriptures, grags chen bco brgyad = the 18 basic scriptures",Tibetan Buddhist Resource Center,23144289
445925804,W1KG4313-I1KG17487,"urn-3:FHCL:37142474, urn-3:HUL.DRS.OBJECT:37142473",Buddhist Digital Resource Center,FHCL.COLL,FHCL.COLL.TBRC_0001,PDS DOCUMENT,,batchW1KG4313-1n,482674,2018-06-21T15:30:18.0Z,FHCL.COLL_batchW1KG4313-1n_20180619_100331,598,,R,"grags chen bco brgyad, གྲགས་ཆེན་བཅོ་བརྒྱད།, the 18 basic scriptures, grags chen bco brgyad = the 18 basic scriptures",Tibetan Buddhist Resource Center,23144289
445926404,W1KG4313-I1KG17488,"urn-3:FHCL:37142482, urn-3:HUL.DRS.OBJECT:37142481",Buddhist Digital Resource Center,FHCL.COLL,FHCL.COLL.TBRC_0001,PDS DOCUMENT,,batchW1KG4313-1n,482674,2018-06-21T15:30:18.0Z,FHCL.COLL_batchW1KG4313-1n_20180619_100331,598,,R,"grags chen bco brgyad, གྲགས་ཆེན་བཅོ་བརྒྱད།, the 18 basic scriptures, grags chen bco brgyad = the 18 basic scriptures",Tibetan Buddhist Resource Center,23144289
445927004,W1KG4313-I1KG17489,"urn-3:FHCL:37142490, urn-3:HUL.DRS.OBJECT:37142489",Buddhist Digital Resource Center,FHCL.COLL,FHCL.COLL.TBRC_0001,PDS DOCUMENT,,batchW1KG4313-1n,482674,2018-06-21T15:30:18.0Z,FHCL.COLL_batchW1KG4313-1n_20180619_100331,598,,R,"grags chen bco brgyad, གྲགས་ཆེན་བཅོ་བརྒྱད།, the 18 basic scriptures, grags chen bco brgyad = the 18 basic scriptures",Tibetan Buddhist Resource Center,23144289
445927604,W1KG4313-I1KG17490,"urn-3:FHCL:37142498, urn-3:HUL.DRS.OBJECT:37142497",Buddhist Digital Resource Center,FHCL.COLL,FHCL.COLL.TBRC_0001,PDS DOCUMENT,,batchW1KG4313-1n,482674,2018-06-21T15:30:18.0Z,FHCL.COLL_batchW1KG4313-1n_20180619_100331,598,,R,"grags chen bco brgyad, གྲགས་ཆེན་བཅོ་བརྒྱད།, the 18 basic scriptures, grags chen bco brgyad = the 18 basic scriptures",Tibetan Buddhist Resource Center,23144289
445928204,W1KG4313-I1KG17491,"urn-3:FHCL:37142508, urn-3:HUL.DRS.OBJECT:37142507",Buddhist Digital Resource Center,FHCL.COLL,FHCL.COLL.TBRC_0001,PDS DOCUMENT,,batchW1KG4313-1n,482674,2018-06-21T15:30:18.0Z,FHCL.COLL_batchW1KG4313-1n_20180619_100331,598,,R,"grags chen bco brgyad, གྲགས་ཆེན་བཅོ་བརྒྱད།, the 18 basic scriptures, grags chen bco brgyad = the 18 basic scriptures",Tibetan Buddhist Resource Center,23144289
445928804,W1KG4313-I1KG17492,"urn-3:FHCL:37142514, urn-3:HUL.DRS.OBJECT:37142513",Buddhist Digital Resource Center,FHCL.COLL,FHCL.COLL.TBRC_0001,PDS DOCUMENT,,batchW1KG4313-1n,482674,2018-06-21T15:30:18.0Z,FHCL.COLL_batchW1KG4313-1n_20180619_100331,598,,R,"grags chen bco brgyad, གྲགས་ཆེན་བཅོ་བརྒྱད།, the 18 basic scriptures, grags chen bco brgyad = the 18 basic scriptures",Tibetan Buddhist Resource Center,23144289
445929404,W1KG4313-I1KG17493,"urn-3:FHCL:37142520, urn-3:HUL.DRS.OBJECT:37142519",Buddhist Digital Resource Center,FHCL.COLL,FHCL.COLL.TBRC_0001,PDS DOCUMENT,,batchW1KG4313-1n,482674,2018-06-21T15:30:18.0Z,FHCL.COLL_batchW1KG4313-1n_20180619_100331,598,,R,"grags chen bco brgyad, གྲགས་ཆེན་བཅོ་བརྒྱད།, the 18 basic scriptures, grags chen bco brgyad = the 18 basic scriptures",Tibetan Buddhist Resource Center,23144289
445930004,W1KG4313-I1KG17494,"urn-3:FHCL:37142522, urn-3:HUL.DRS.OBJECT:37142521",Buddhist Digital Resource Center,FHCL.COLL,FHCL.COLL.TBRC_0001,PDS DOCUMENT,,batchW1KG4313-1n,482674,2018-06-21T15:30:18.0Z,FHCL.COLL_batchW1KG4313-1n_20180619_100331,598,,R,"grags chen bco brgyad, གྲགས་ཆེན་བཅོ་བརྒྱད།, the 18 basic scriptures, grags chen bco brgyad = the 18 basic scriptures",Tibetan Buddhist Resource Center,23144289
445930604,W1KG4313-I1KG17495,"urn-3:FHCL:37142526, urn-3:HUL.DRS.OBJECT:37142525",Buddhist Digital Resource Center,FHCL.COLL,FHCL.COLL.TBRC_0001,PDS DOCUMENT,,batchW1KG4313-1n,482674,2018-06-21T15:30:18.0Z,FHCL.COLL_batchW1KG4313-1n_20180619_100331,598,,R,"grags chen bco brgyad, གྲགས་ཆེན་བཅོ་བརྒྱད།, the 18 basic scriptures, grags chen bco brgyad = the 18 basic scriptures",Tibetan Buddhist Resource Center,23144289
445931204,W1KG4313-I1KG17496,"urn-3:FHCL:37142530, urn-3:HUL.DRS.OBJECT:37142529",Buddhist Digital Resource Center,FHCL.COLL,FHCL.COLL.TBRC_0001,PDS DOCUMENT,,batchW1KG4313-1n,482674,2018-06-21T15:30:18.0Z,FHCL.COLL_batchW1KG4313-1n_20180619_100331,598,,R,"grags chen bco brgyad, གྲགས་ཆེན་བཅོ་བརྒྱད།, the 18 basic scriptures, grags chen bco brgyad = the 18 basic scriptures",Tibetan Buddhist Resource Center,23144289
445931804,W1KG4313-I1KG17497,"urn-3:FHCL:37142534, urn-3:HUL.DRS.OBJECT:37142533",Buddhist Digital Resource Center,FHCL.COLL,FHCL.COLL.TBRC_0001,PDS DOCUMENT,,batchW1KG4313-1n,482674,2018-06-21T15:30:18.0Z,FHCL.COLL_batchW1KG4313-1n_20180619_100331,598,,R,"grags chen bco brgyad, གྲགས་ཆེན་བཅོ་བརྒྱད།, the 18 basic scriptures, grags chen bco brgyad = the 18 basic scriptures",Tibetan Buddhist Resource Center,23144289
445932404,W1KG4313-I1KG17498,"urn-3:FHCL:37142538, urn-3:HUL.DRS.OBJECT:37142537",Buddhist Digital Resource Center,FHCL.COLL,FHCL.COLL.TBRC_0001,PDS DOCUMENT,,batchW1KG4313-1n,482674,2018-06-21T15:30:18.0Z,FHCL.COLL_batchW1KG4313-1n_20180619_100331,598,,R,"grags chen bco brgyad, གྲགས་ཆེན་བཅོ་བརྒྱད།, the 18 basic scriptures, grags chen bco brgyad = the 18 basic scriptures",Tibetan Buddhist Resource Center,23144289
445933004,W1KG4313-I1KG17499,"urn-3:FHCL:37142542, urn-3:HUL.DRS.OBJECT:37142541",Buddhist Digital Resource Center,FHCL.COLL,FHCL.COLL.TBRC_0001,PDS DOCUMENT,,batchW1KG4313-1n,482674,2018-06-21T15:30:18.0Z,FHCL.COLL_batchW1KG4313-1n_20180619_100331,598,,R,"grags chen bco brgyad, གྲགས་ཆེན་བཅོ་བརྒྱད།, the 18 basic scriptures, grags chen bco brgyad = the 18 basic scriptures",Tibetan Buddhist Resource Center,23144289
445933604,W1KG4313-I1KG17500,"urn-3:FHCL:37142544, urn-3:HUL.DRS.OBJECT:37142543",Buddhist Digital Resource Center,FHCL.COLL,FHCL.COLL.TBRC_0001,PDS DOCUMENT,,batchW1KG4313-1n,482674,2018-06-21T15:30:18.0Z,FHCL.COLL_batchW1KG4313-1n_20180619_100331,598,,R,"grags chen bco brgyad, གྲགས་ཆེན་བཅོ་བརྒྱད།, the 18 basic scriptures, grags chen bco brgyad = the 18 basic scriptures",Tibetan Buddhist Resource Center,23144289
445934204,W1KG4313-I1KG17501,"urn-3:FHCL:37142546, urn-3:HUL.DRS.OBJECT:37142545",Buddhist Digital Resource Center,FHCL.COLL,FHCL.COLL.TBRC_0001,PDS DOCUMENT,,batchW1KG4313-1n,482674,2018-06-21T15:30:18.0Z,FHCL.COLL_batchW1KG4313-1n_20180619_100331,598,,R,"grags chen bco brgyad, གྲགས་ཆེན་བཅོ་བརྒྱད།, the 18 basic scriptures, grags chen bco brgyad = the 18 basic scriptures",Tibetan Buddhist Resource Center,23144289
